speaker,role,sentence_id,filepath
p225,POOL,25,F:\VCTK Dataset\wav48_silence_trimmed\p225\p225_025_mic1.flac
p225,POOL,58,F:\VCTK Dataset\wav48_silence_trimmed\p225\p225_058_mic1.flac
p225,POOL,103,F:\VCTK Dataset\wav48_silence_trimmed\p225\p225_103_mic1.flac
p225,POOL,136,F:\VCTK Dataset\wav48_silence_trimmed\p225\p225_136_mic1.flac
p225,POOL,175,F:\VCTK Dataset\wav48_silence_trimmed\p225\p225_175_mic1.flac
p225,POOL,221,F:\VCTK Dataset\wav48_silence_trimmed\p225\p225_221_mic1.flac
p225,POOL,268,F:\VCTK Dataset\wav48_silence_trimmed\p225\p225_268_mic1.flac
p225,POOL,300,F:\VCTK Dataset\wav48_silence_trimmed\p225\p225_300_mic1.flac
p225,POOL,330,F:\VCTK Dataset\wav48_silence_trimmed\p225\p225_330_mic1.flac
p225,POOL,366,F:\VCTK Dataset\wav48_silence_trimmed\p225\p225_366_mic1.flac
p226,HELD_OUT,25,F:\VCTK Dataset\wav48_silence_trimmed\p226\p226_025_mic1.flac
p226,HELD_OUT,64,F:\VCTK Dataset\wav48_silence_trimmed\p226\p226_064_mic1.flac
p226,HELD_OUT,102,F:\VCTK Dataset\wav48_silence_trimmed\p226\p226_102_mic1.flac
p226,HELD_OUT,140,F:\VCTK Dataset\wav48_silence_trimmed\p226\p226_140_mic1.flac
p226,HELD_OUT,179,F:\VCTK Dataset\wav48_silence_trimmed\p226\p226_179_mic1.flac
p226,HELD_OUT,218,F:\VCTK Dataset\wav48_silence_trimmed\p226\p226_218_mic1.flac
p226,HELD_OUT,257,F:\VCTK Dataset\wav48_silence_trimmed\p226\p226_257_mic1.flac
p226,HELD_OUT,297,F:\VCTK Dataset\wav48_silence_trimmed\p226\p226_297_mic1.flac
p226,HELD_OUT,333,F:\VCTK Dataset\wav48_silence_trimmed\p226\p226_333_mic1.flac
p226,HELD_OUT,370,F:\VCTK Dataset\wav48_silence_trimmed\p226\p226_370_mic1.flac
p227,POOL,25,F:\VCTK Dataset\wav48_silence_trimmed\p227\p227_025_mic1.flac
p227,POOL,65,F:\VCTK Dataset\wav48_silence_trimmed\p227\p227_065_mic1.flac
p227,POOL,106,F:\VCTK Dataset\wav48_silence_trimmed\p227\p227_106_mic1.flac
p227,POOL,148,F:\VCTK Dataset\wav48_silence_trimmed\p227\p227_148_mic1.flac
p227,POOL,190,F:\VCTK Dataset\wav48_silence_trimmed\p227\p227_190_mic1.flac
p227,POOL,236,F:\VCTK Dataset\wav48_silence_trimmed\p227\p227_236_mic1.flac
p227,POOL,276,F:\VCTK Dataset\wav48_silence_trimmed\p227\p227_276_mic1.flac
p227,POOL,317,F:\VCTK Dataset\wav48_silence_trimmed\p227\p227_317_mic1.flac
p227,POOL,360,F:\VCTK Dataset\wav48_silence_trimmed\p227\p227_360_mic1.flac
p227,POOL,402,F:\VCTK Dataset\wav48_silence_trimmed\p227\p227_402_mic1.flac
p228,POOL,25,F:\VCTK Dataset\wav48_silence_trimmed\p228\p228_025_mic1.flac
p228,POOL,63,F:\VCTK Dataset\wav48_silence_trimmed\p228\p228_063_mic1.flac
p228,POOL,102,F:\VCTK Dataset\wav48_silence_trimmed\p228\p228_102_mic1.flac
p228,POOL,140,F:\VCTK Dataset\wav48_silence_trimmed\p228\p228_140_mic1.flac
p228,POOL,178,F:\VCTK Dataset\wav48_silence_trimmed\p228\p228_178_mic1.flac
p228,POOL,217,F:\VCTK Dataset\wav48_silence_trimmed\p228\p228_217_mic1.flac
p228,POOL,255,F:\VCTK Dataset\wav48_silence_trimmed\p228\p228_255_mic1.flac
p228,POOL,294,F:\VCTK Dataset\wav48_silence_trimmed\p228\p228_294_mic1.flac
p228,POOL,333,F:\VCTK Dataset\wav48_silence_trimmed\p228\p228_333_mic1.flac
p228,POOL,371,F:\VCTK Dataset\wav48_silence_trimmed\p228\p228_371_mic1.flac
p229,POOL,25,F:\VCTK Dataset\wav48_silence_trimmed\p229\p229_025_mic1.flac
p229,POOL,65,F:\VCTK Dataset\wav48_silence_trimmed\p229\p229_065_mic1.flac
p229,POOL,105,F:\VCTK Dataset\wav48_silence_trimmed\p229\p229_105_mic1.flac
p229,POOL,145,F:\VCTK Dataset\wav48_silence_trimmed\p229\p229_145_mic1.flac
p229,POOL,184,F:\VCTK Dataset\wav48_silence_trimmed\p229\p229_184_mic1.flac
p229,POOL,225,F:\VCTK Dataset\wav48_silence_trimmed\p229\p229_225_mic1.flac
p229,POOL,264,F:\VCTK Dataset\wav48_silence_trimmed\p229\p229_264_mic1.flac
p229,POOL,306,F:\VCTK Dataset\wav48_silence_trimmed\p229\p229_306_mic1.flac
p229,POOL,349,F:\VCTK Dataset\wav48_silence_trimmed\p229\p229_349_mic1.flac
p229,POOL,392,F:\VCTK Dataset\wav48_silence_trimmed\p229\p229_392_mic1.flac
p230,POOL,25,F:\VCTK Dataset\wav48_silence_trimmed\p230\p230_025_mic1.flac
p230,POOL,68,F:\VCTK Dataset\wav48_silence_trimmed\p230\p230_068_mic1.flac
p230,POOL,112,F:\VCTK Dataset\wav48_silence_trimmed\p230\p230_112_mic1.flac
p230,POOL,155,F:\VCTK Dataset\wav48_silence_trimmed\p230\p230_155_mic1.flac
p230,POOL,200,F:\VCTK Dataset\wav48_silence_trimmed\p230\p230_200_mic1.flac
p230,POOL,243,F:\VCTK Dataset\wav48_silence_trimmed\p230\p230_243_mic1.flac
p230,POOL,287,F:\VCTK Dataset\wav48_silence_trimmed\p230\p230_287_mic1.flac
p230,POOL,332,F:\VCTK Dataset\wav48_silence_trimmed\p230\p230_332_mic1.flac
p230,POOL,373,F:\VCTK Dataset\wav48_silence_trimmed\p230\p230_373_mic1.flac
p230,POOL,417,F:\VCTK Dataset\wav48_silence_trimmed\p230\p230_417_mic1.flac
p231,POOL,25,F:\VCTK Dataset\wav48_silence_trimmed\p231\p231_025_mic1.flac
p231,POOL,74,F:\VCTK Dataset\wav48_silence_trimmed\p231\p231_074_mic1.flac
p231,POOL,126,F:\VCTK Dataset\wav48_silence_trimmed\p231\p231_126_mic1.flac
p231,POOL,174,F:\VCTK Dataset\wav48_silence_trimmed\p231\p231_174_mic1.flac
p231,POOL,225,F:\VCTK Dataset\wav48_silence_trimmed\p231\p231_225_mic1.flac
p231,POOL,274,F:\VCTK Dataset\wav48_silence_trimmed\p231\p231_274_mic1.flac
p231,POOL,326,F:\VCTK Dataset\wav48_silence_trimmed\p231\p231_326_mic1.flac
p231,POOL,376,F:\VCTK Dataset\wav48_silence_trimmed\p231\p231_376_mic1.flac
p231,POOL,427,F:\VCTK Dataset\wav48_silence_trimmed\p231\p231_427_mic1.flac
p231,POOL,476,F:\VCTK Dataset\wav48_silence_trimmed\p231\p231_476_mic1.flac
p232,POOL,25,F:\VCTK Dataset\wav48_silence_trimmed\p232\p232_025_mic1.flac
p232,POOL,68,F:\VCTK Dataset\wav48_silence_trimmed\p232\p232_068_mic1.flac
p232,POOL,111,F:\VCTK Dataset\wav48_silence_trimmed\p232\p232_111_mic1.flac
p232,POOL,154,F:\VCTK Dataset\wav48_silence_trimmed\p232\p232_154_mic1.flac
p232,POOL,198,F:\VCTK Dataset\wav48_silence_trimmed\p232\p232_198_mic1.flac
p232,POOL,242,F:\VCTK Dataset\wav48_silence_trimmed\p232\p232_242_mic1.flac
p232,POOL,285,F:\VCTK Dataset\wav48_silence_trimmed\p232\p232_285_mic1.flac
p232,POOL,329,F:\VCTK Dataset\wav48_silence_trimmed\p232\p232_329_mic1.flac
p232,POOL,372,F:\VCTK Dataset\wav48_silence_trimmed\p232\p232_372_mic1.flac
p232,POOL,415,F:\VCTK Dataset\wav48_silence_trimmed\p232\p232_415_mic1.flac
p233,POOL,25,F:\VCTK Dataset\wav48_silence_trimmed\p233\p233_025_mic1.flac
p233,POOL,67,F:\VCTK Dataset\wav48_silence_trimmed\p233\p233_067_mic1.flac
p233,POOL,108,F:\VCTK Dataset\wav48_silence_trimmed\p233\p233_108_mic1.flac
p233,POOL,149,F:\VCTK Dataset\wav48_silence_trimmed\p233\p233_149_mic1.flac
p233,POOL,188,F:\VCTK Dataset\wav48_silence_trimmed\p233\p233_188_mic1.flac
p233,POOL,232,F:\VCTK Dataset\wav48_silence_trimmed\p233\p233_232_mic1.flac
p233,POOL,271,F:\VCTK Dataset\wav48_silence_trimmed\p233\p233_271_mic1.flac
p233,POOL,312,F:\VCTK Dataset\wav48_silence_trimmed\p233\p233_312_mic1.flac
p233,POOL,352,F:\VCTK Dataset\wav48_silence_trimmed\p233\p233_352_mic1.flac
p233,POOL,392,F:\VCTK Dataset\wav48_silence_trimmed\p233\p233_392_mic1.flac
p234,HELD_OUT,25,F:\VCTK Dataset\wav48_silence_trimmed\p234\p234_025_mic1.flac
p234,HELD_OUT,62,F:\VCTK Dataset\wav48_silence_trimmed\p234\p234_062_mic1.flac
p234,HELD_OUT,100,F:\VCTK Dataset\wav48_silence_trimmed\p234\p234_100_mic1.flac
p234,HELD_OUT,137,F:\VCTK Dataset\wav48_silence_trimmed\p234\p234_137_mic1.flac
p234,HELD_OUT,174,F:\VCTK Dataset\wav48_silence_trimmed\p234\p234_174_mic1.flac
p234,HELD_OUT,212,F:\VCTK Dataset\wav48_silence_trimmed\p234\p234_212_mic1.flac
p234,HELD_OUT,250,F:\VCTK Dataset\wav48_silence_trimmed\p234\p234_250_mic1.flac
p234,HELD_OUT,287,F:\VCTK Dataset\wav48_silence_trimmed\p234\p234_287_mic1.flac
p234,HELD_OUT,324,F:\VCTK Dataset\wav48_silence_trimmed\p234\p234_324_mic1.flac
p234,HELD_OUT,361,F:\VCTK Dataset\wav48_silence_trimmed\p234\p234_361_mic1.flac
p236,POOL,25,F:\VCTK Dataset\wav48_silence_trimmed\p236\p236_025_mic1.flac
p236,POOL,78,F:\VCTK Dataset\wav48_silence_trimmed\p236\p236_078_mic1.flac
p236,POOL,132,F:\VCTK Dataset\wav48_silence_trimmed\p236\p236_132_mic1.flac
p236,POOL,188,F:\VCTK Dataset\wav48_silence_trimmed\p236\p236_188_mic1.flac
p236,POOL,240,F:\VCTK Dataset\wav48_silence_trimmed\p236\p236_240_mic1.flac
p236,POOL,293,F:\VCTK Dataset\wav48_silence_trimmed\p236\p236_293_mic1.flac
p236,POOL,346,F:\VCTK Dataset\wav48_silence_trimmed\p236\p236_346_mic1.flac
p236,POOL,399,F:\VCTK Dataset\wav48_silence_trimmed\p236\p236_399_mic1.flac
p236,POOL,451,F:\VCTK Dataset\wav48_silence_trimmed\p236\p236_451_mic1.flac
p236,POOL,503,F:\VCTK Dataset\wav48_silence_trimmed\p236\p236_503_mic1.flac
p237,POOL,25,F:\VCTK Dataset\wav48_silence_trimmed\p237\p237_025_mic1.flac
p237,POOL,60,F:\VCTK Dataset\wav48_silence_trimmed\p237\p237_060_mic1.flac
p237,POOL,95,F:\VCTK Dataset\wav48_silence_trimmed\p237\p237_095_mic1.flac
p237,POOL,132,F:\VCTK Dataset\wav48_silence_trimmed\p237\p237_132_mic1.flac
p237,POOL,169,F:\VCTK Dataset\wav48_silence_trimmed\p237\p237_169_mic1.flac
p237,POOL,205,F:\VCTK Dataset\wav48_silence_trimmed\p237\p237_205_mic1.flac
p237,POOL,241,F:\VCTK Dataset\wav48_silence_trimmed\p237\p237_241_mic1.flac
p237,POOL,278,F:\VCTK Dataset\wav48_silence_trimmed\p237\p237_278_mic1.flac
p237,POOL,313,F:\VCTK Dataset\wav48_silence_trimmed\p237\p237_313_mic1.flac
p237,POOL,351,F:\VCTK Dataset\wav48_silence_trimmed\p237\p237_351_mic1.flac
p238,POOL,25,F:\VCTK Dataset\wav48_silence_trimmed\p238\p238_025_mic1.flac
p238,POOL,72,F:\VCTK Dataset\wav48_silence_trimmed\p238\p238_072_mic1.flac
p238,POOL,120,F:\VCTK Dataset\wav48_silence_trimmed\p238\p238_120_mic1.flac
p238,POOL,169,F:\VCTK Dataset\wav48_silence_trimmed\p238\p238_169_mic1.flac
p238,POOL,219,F:\VCTK Dataset\wav48_silence_trimmed\p238\p238_219_mic1.flac
p238,POOL,266,F:\VCTK Dataset\wav48_silence_trimmed\p238\p238_266_mic1.flac
p238,POOL,314,F:\VCTK Dataset\wav48_silence_trimmed\p238\p238_314_mic1.flac
p238,POOL,363,F:\VCTK Dataset\wav48_silence_trimmed\p238\p238_363_mic1.flac
p238,POOL,412,F:\VCTK Dataset\wav48_silence_trimmed\p238\p238_412_mic1.flac
p238,POOL,460,F:\VCTK Dataset\wav48_silence_trimmed\p238\p238_460_mic1.flac
p239,POOL,25,F:\VCTK Dataset\wav48_silence_trimmed\p239\p239_025_mic1.flac
p239,POOL,78,F:\VCTK Dataset\wav48_silence_trimmed\p239\p239_078_mic1.flac
p239,POOL,132,F:\VCTK Dataset\wav48_silence_trimmed\p239\p239_132_mic1.flac
p239,POOL,185,F:\VCTK Dataset\wav48_silence_trimmed\p239\p239_185_mic1.flac
p239,POOL,238,F:\VCTK Dataset\wav48_silence_trimmed\p239\p239_238_mic1.flac
p239,POOL,291,F:\VCTK Dataset\wav48_silence_trimmed\p239\p239_291_mic1.flac
p239,POOL,344,F:\VCTK Dataset\wav48_silence_trimmed\p239\p239_344_mic1.flac
p239,POOL,397,F:\VCTK Dataset\wav48_silence_trimmed\p239\p239_397_mic1.flac
p239,POOL,450,F:\VCTK Dataset\wav48_silence_trimmed\p239\p239_450_mic1.flac
p239,POOL,503,F:\VCTK Dataset\wav48_silence_trimmed\p239\p239_503_mic1.flac
p240,POOL,25,F:\VCTK Dataset\wav48_silence_trimmed\p240\p240_025_mic1.flac
p240,POOL,64,F:\VCTK Dataset\wav48_silence_trimmed\p240\p240_064_mic1.flac
p240,POOL,103,F:\VCTK Dataset\wav48_silence_trimmed\p240\p240_103_mic1.flac
p240,POOL,142,F:\VCTK Dataset\wav48_silence_trimmed\p240\p240_142_mic1.flac
p240,POOL,181,F:\VCTK Dataset\wav48_silence_trimmed\p240\p240_181_mic1.flac
p240,POOL,221,F:\VCTK Dataset\wav48_silence_trimmed\p240\p240_221_mic1.flac
p240,POOL,260,F:\VCTK Dataset\wav48_silence_trimmed\p240\p240_260_mic1.flac
p240,POOL,300,F:\VCTK Dataset\wav48_silence_trimmed\p240\p240_300_mic1.flac
p240,POOL,339,F:\VCTK Dataset\wav48_silence_trimmed\p240\p240_339_mic1.flac
p240,POOL,380,F:\VCTK Dataset\wav48_silence_trimmed\p240\p240_380_mic1.flac
p241,POOL,25,F:\VCTK Dataset\wav48_silence_trimmed\p241\p241_025_mic1.flac
p241,POOL,64,F:\VCTK Dataset\wav48_silence_trimmed\p241\p241_064_mic1.flac
p241,POOL,102,F:\VCTK Dataset\wav48_silence_trimmed\p241\p241_102_mic1.flac
p241,POOL,140,F:\VCTK Dataset\wav48_silence_trimmed\p241\p241_140_mic1.flac
p241,POOL,178,F:\VCTK Dataset\wav48_silence_trimmed\p241\p241_178_mic1.flac
p241,POOL,217,F:\VCTK Dataset\wav48_silence_trimmed\p241\p241_217_mic1.flac
p241,POOL,254,F:\VCTK Dataset\wav48_silence_trimmed\p241\p241_254_mic1.flac
p241,POOL,292,F:\VCTK Dataset\wav48_silence_trimmed\p241\p241_292_mic1.flac
p241,POOL,330,F:\VCTK Dataset\wav48_silence_trimmed\p241\p241_330_mic1.flac
p241,POOL,374,F:\VCTK Dataset\wav48_silence_trimmed\p241\p241_374_mic1.flac
p243,POOL,25,F:\VCTK Dataset\wav48_silence_trimmed\p243\p243_025_mic1.flac
p243,POOL,66,F:\VCTK Dataset\wav48_silence_trimmed\p243\p243_066_mic1.flac
p243,POOL,107,F:\VCTK Dataset\wav48_silence_trimmed\p243\p243_107_mic1.flac
p243,POOL,149,F:\VCTK Dataset\wav48_silence_trimmed\p243\p243_149_mic1.flac
p243,POOL,190,F:\VCTK Dataset\wav48_silence_trimmed\p243\p243_190_mic1.flac
p243,POOL,231,F:\VCTK Dataset\wav48_silence_trimmed\p243\p243_231_mic1.flac
p243,POOL,272,F:\VCTK Dataset\wav48_silence_trimmed\p243\p243_272_mic1.flac
p243,POOL,315,F:\VCTK Dataset\wav48_silence_trimmed\p243\p243_315_mic1.flac
p243,POOL,357,F:\VCTK Dataset\wav48_silence_trimmed\p243\p243_357_mic1.flac
p243,POOL,398,F:\VCTK Dataset\wav48_silence_trimmed\p243\p243_398_mic1.flac
p244,POOL,25,F:\VCTK Dataset\wav48_silence_trimmed\p244\p244_025_mic1.flac
p244,POOL,69,F:\VCTK Dataset\wav48_silence_trimmed\p244\p244_069_mic1.flac
p244,POOL,113,F:\VCTK Dataset\wav48_silence_trimmed\p244\p244_113_mic1.flac
p244,POOL,157,F:\VCTK Dataset\wav48_silence_trimmed\p244\p244_157_mic1.flac
p244,POOL,201,F:\VCTK Dataset\wav48_silence_trimmed\p244\p244_201_mic1.flac
p244,POOL,246,F:\VCTK Dataset\wav48_silence_trimmed\p244\p244_246_mic1.flac
p244,POOL,291,F:\VCTK Dataset\wav48_silence_trimmed\p244\p244_291_mic1.flac
p244,POOL,336,F:\VCTK Dataset\wav48_silence_trimmed\p244\p244_336_mic1.flac
p244,POOL,380,F:\VCTK Dataset\wav48_silence_trimmed\p244\p244_380_mic1.flac
p244,POOL,424,F:\VCTK Dataset\wav48_silence_trimmed\p244\p244_424_mic1.flac
p245,HELD_OUT,25,F:\VCTK Dataset\wav48_silence_trimmed\p245\p245_025_mic1.flac
p245,HELD_OUT,62,F:\VCTK Dataset\wav48_silence_trimmed\p245\p245_062_mic1.flac
p245,HELD_OUT,99,F:\VCTK Dataset\wav48_silence_trimmed\p245\p245_099_mic1.flac
p245,HELD_OUT,136,F:\VCTK Dataset\wav48_silence_trimmed\p245\p245_136_mic1.flac
p245,HELD_OUT,175,F:\VCTK Dataset\wav48_silence_trimmed\p245\p245_175_mic1.flac
p245,HELD_OUT,212,F:\VCTK Dataset\wav48_silence_trimmed\p245\p245_212_mic1.flac
p245,HELD_OUT,248,F:\VCTK Dataset\wav48_silence_trimmed\p245\p245_248_mic1.flac
p245,HELD_OUT,286,F:\VCTK Dataset\wav48_silence_trimmed\p245\p245_286_mic1.flac
p245,HELD_OUT,323,F:\VCTK Dataset\wav48_silence_trimmed\p245\p245_323_mic1.flac
p245,HELD_OUT,359,F:\VCTK Dataset\wav48_silence_trimmed\p245\p245_359_mic1.flac
p246,POOL,25,F:\VCTK Dataset\wav48_silence_trimmed\p246\p246_025_mic1.flac
p246,POOL,62,F:\VCTK Dataset\wav48_silence_trimmed\p246\p246_062_mic1.flac
p246,POOL,99,F:\VCTK Dataset\wav48_silence_trimmed\p246\p246_099_mic1.flac
p246,POOL,136,F:\VCTK Dataset\wav48_silence_trimmed\p246\p246_136_mic1.flac
p246,POOL,173,F:\VCTK Dataset\wav48_silence_trimmed\p246\p246_173_mic1.flac
p246,POOL,210,F:\VCTK Dataset\wav48_silence_trimmed\p246\p246_210_mic1.flac
p246,POOL,247,F:\VCTK Dataset\wav48_silence_trimmed\p246\p246_247_mic1.flac
p246,POOL,285,F:\VCTK Dataset\wav48_silence_trimmed\p246\p246_285_mic1.flac
p246,POOL,323,F:\VCTK Dataset\wav48_silence_trimmed\p246\p246_323_mic1.flac
p246,POOL,361,F:\VCTK Dataset\wav48_silence_trimmed\p246\p246_361_mic1.flac
p247,POOL,25,F:\VCTK Dataset\wav48_silence_trimmed\p247\p247_025_mic1.flac
p247,POOL,75,F:\VCTK Dataset\wav48_silence_trimmed\p247\p247_075_mic1.flac
p247,POOL,125,F:\VCTK Dataset\wav48_silence_trimmed\p247\p247_125_mic1.flac
p247,POOL,175,F:\VCTK Dataset\wav48_silence_trimmed\p247\p247_175_mic1.flac
p247,POOL,226,F:\VCTK Dataset\wav48_silence_trimmed\p247\p247_226_mic1.flac
p247,POOL,277,F:\VCTK Dataset\wav48_silence_trimmed\p247\p247_277_mic1.flac
p247,POOL,328,F:\VCTK Dataset\wav48_silence_trimmed\p247\p247_328_mic1.flac
p247,POOL,378,F:\VCTK Dataset\wav48_silence_trimmed\p247\p247_378_mic1.flac
p247,POOL,428,F:\VCTK Dataset\wav48_silence_trimmed\p247\p247_428_mic1.flac
p247,POOL,479,F:\VCTK Dataset\wav48_silence_trimmed\p247\p247_479_mic1.flac
p248,HELD_OUT,25,F:\VCTK Dataset\wav48_silence_trimmed\p248\p248_025_mic1.flac
p248,HELD_OUT,64,F:\VCTK Dataset\wav48_silence_trimmed\p248\p248_064_mic1.flac
p248,HELD_OUT,103,F:\VCTK Dataset\wav48_silence_trimmed\p248\p248_103_mic1.flac
p248,HELD_OUT,142,F:\VCTK Dataset\wav48_silence_trimmed\p248\p248_142_mic1.flac
p248,HELD_OUT,181,F:\VCTK Dataset\wav48_silence_trimmed\p248\p248_181_mic1.flac
p248,HELD_OUT,220,F:\VCTK Dataset\wav48_silence_trimmed\p248\p248_220_mic1.flac
p248,HELD_OUT,259,F:\VCTK Dataset\wav48_silence_trimmed\p248\p248_259_mic1.flac
p248,HELD_OUT,298,F:\VCTK Dataset\wav48_silence_trimmed\p248\p248_298_mic1.flac
p248,HELD_OUT,337,F:\VCTK Dataset\wav48_silence_trimmed\p248\p248_337_mic1.flac
p248,HELD_OUT,376,F:\VCTK Dataset\wav48_silence_trimmed\p248\p248_376_mic1.flac
p249,POOL,25,F:\VCTK Dataset\wav48_silence_trimmed\p249\p249_025_mic1.flac
p249,POOL,59,F:\VCTK Dataset\wav48_silence_trimmed\p249\p249_059_mic1.flac
p249,POOL,96,F:\VCTK Dataset\wav48_silence_trimmed\p249\p249_096_mic1.flac
p249,POOL,131,F:\VCTK Dataset\wav48_silence_trimmed\p249\p249_131_mic1.flac
p249,POOL,168,F:\VCTK Dataset\wav48_silence_trimmed\p249\p249_168_mic1.flac
p249,POOL,204,F:\VCTK Dataset\wav48_silence_trimmed\p249\p249_204_mic1.flac
p249,POOL,244,F:\VCTK Dataset\wav48_silence_trimmed\p249\p249_244_mic1.flac
p249,POOL,281,F:\VCTK Dataset\wav48_silence_trimmed\p249\p249_281_mic1.flac
p249,POOL,316,F:\VCTK Dataset\wav48_silence_trimmed\p249\p249_316_mic1.flac
p249,POOL,354,F:\VCTK Dataset\wav48_silence_trimmed\p249\p249_354_mic1.flac
p250,POOL,25,F:\VCTK Dataset\wav48_silence_trimmed\p250\p250_025_mic1.flac
p250,POOL,77,F:\VCTK Dataset\wav48_silence_trimmed\p250\p250_077_mic1.flac
p250,POOL,130,F:\VCTK Dataset\wav48_silence_trimmed\p250\p250_130_mic1.flac
p250,POOL,182,F:\VCTK Dataset\wav48_silence_trimmed\p250\p250_182_mic1.flac
p250,POOL,235,F:\VCTK Dataset\wav48_silence_trimmed\p250\p250_235_mic1.flac
p250,POOL,288,F:\VCTK Dataset\wav48_silence_trimmed\p250\p250_288_mic1.flac
p250,POOL,341,F:\VCTK Dataset\wav48_silence_trimmed\p250\p250_341_mic1.flac
p250,POOL,394,F:\VCTK Dataset\wav48_silence_trimmed\p250\p250_394_mic1.flac
p250,POOL,445,F:\VCTK Dataset\wav48_silence_trimmed\p250\p250_445_mic1.flac
p250,POOL,496,F:\VCTK Dataset\wav48_silence_trimmed\p250\p250_496_mic1.flac
p251,POOL,25,F:\VCTK Dataset\wav48_silence_trimmed\p251\p251_025_mic1.flac
p251,POOL,63,F:\VCTK Dataset\wav48_silence_trimmed\p251\p251_063_mic1.flac
p251,POOL,102,F:\VCTK Dataset\wav48_silence_trimmed\p251\p251_102_mic1.flac
p251,POOL,140,F:\VCTK Dataset\wav48_silence_trimmed\p251\p251_140_mic1.flac
p251,POOL,178,F:\VCTK Dataset\wav48_silence_trimmed\p251\p251_178_mic1.flac
p251,POOL,215,F:\VCTK Dataset\wav48_silence_trimmed\p251\p251_215_mic1.flac
p251,POOL,254,F:\VCTK Dataset\wav48_silence_trimmed\p251\p251_254_mic1.flac
p251,POOL,294,F:\VCTK Dataset\wav48_silence_trimmed\p251\p251_294_mic1.flac
p251,POOL,332,F:\VCTK Dataset\wav48_silence_trimmed\p251\p251_332_mic1.flac
p251,POOL,374,F:\VCTK Dataset\wav48_silence_trimmed\p251\p251_374_mic1.flac
p252,POOL,25,F:\VCTK Dataset\wav48_silence_trimmed\p252\p252_025_mic1.flac
p252,POOL,68,F:\VCTK Dataset\wav48_silence_trimmed\p252\p252_068_mic1.flac
p252,POOL,111,F:\VCTK Dataset\wav48_silence_trimmed\p252\p252_111_mic1.flac
p252,POOL,152,F:\VCTK Dataset\wav48_silence_trimmed\p252\p252_152_mic1.flac
p252,POOL,196,F:\VCTK Dataset\wav48_silence_trimmed\p252\p252_196_mic1.flac
p252,POOL,238,F:\VCTK Dataset\wav48_silence_trimmed\p252\p252_238_mic1.flac
p252,POOL,284,F:\VCTK Dataset\wav48_silence_trimmed\p252\p252_284_mic1.flac
p252,POOL,327,F:\VCTK Dataset\wav48_silence_trimmed\p252\p252_327_mic1.flac
p252,POOL,368,F:\VCTK Dataset\wav48_silence_trimmed\p252\p252_368_mic1.flac
p252,POOL,411,F:\VCTK Dataset\wav48_silence_trimmed\p252\p252_411_mic1.flac
p253,HELD_OUT,25,F:\VCTK Dataset\wav48_silence_trimmed\p253\p253_025_mic1.flac
p253,HELD_OUT,64,F:\VCTK Dataset\wav48_silence_trimmed\p253\p253_064_mic1.flac
p253,HELD_OUT,106,F:\VCTK Dataset\wav48_silence_trimmed\p253\p253_106_mic1.flac
p253,HELD_OUT,147,F:\VCTK Dataset\wav48_silence_trimmed\p253\p253_147_mic1.flac
p253,HELD_OUT,191,F:\VCTK Dataset\wav48_silence_trimmed\p253\p253_191_mic1.flac
p253,HELD_OUT,233,F:\VCTK Dataset\wav48_silence_trimmed\p253\p253_233_mic1.flac
p253,HELD_OUT,274,F:\VCTK Dataset\wav48_silence_trimmed\p253\p253_274_mic1.flac
p253,HELD_OUT,320,F:\VCTK Dataset\wav48_silence_trimmed\p253\p253_320_mic1.flac
p253,HELD_OUT,364,F:\VCTK Dataset\wav48_silence_trimmed\p253\p253_364_mic1.flac
p253,HELD_OUT,410,F:\VCTK Dataset\wav48_silence_trimmed\p253\p253_410_mic1.flac
p254,POOL,25,F:\VCTK Dataset\wav48_silence_trimmed\p254\p254_025_mic1.flac
p254,POOL,67,F:\VCTK Dataset\wav48_silence_trimmed\p254\p254_067_mic1.flac
p254,POOL,109,F:\VCTK Dataset\wav48_silence_trimmed\p254\p254_109_mic1.flac
p254,POOL,152,F:\VCTK Dataset\wav48_silence_trimmed\p254\p254_152_mic1.flac
p254,POOL,193,F:\VCTK Dataset\wav48_silence_trimmed\p254\p254_193_mic1.flac
p254,POOL,234,F:\VCTK Dataset\wav48_silence_trimmed\p254\p254_234_mic1.flac
p254,POOL,276,F:\VCTK Dataset\wav48_silence_trimmed\p254\p254_276_mic1.flac
p254,POOL,318,F:\VCTK Dataset\wav48_silence_trimmed\p254\p254_318_mic1.flac
p254,POOL,361,F:\VCTK Dataset\wav48_silence_trimmed\p254\p254_361_mic1.flac
p254,POOL,403,F:\VCTK Dataset\wav48_silence_trimmed\p254\p254_403_mic1.flac
p255,POOL,25,F:\VCTK Dataset\wav48_silence_trimmed\p255\p255_025_mic1.flac
p255,POOL,65,F:\VCTK Dataset\wav48_silence_trimmed\p255\p255_065_mic1.flac
p255,POOL,105,F:\VCTK Dataset\wav48_silence_trimmed\p255\p255_105_mic1.flac
p255,POOL,144,F:\VCTK Dataset\wav48_silence_trimmed\p255\p255_144_mic1.flac
p255,POOL,183,F:\VCTK Dataset\wav48_silence_trimmed\p255\p255_183_mic1.flac
p255,POOL,223,F:\VCTK Dataset\wav48_silence_trimmed\p255\p255_223_mic1.flac
p255,POOL,262,F:\VCTK Dataset\wav48_silence_trimmed\p255\p255_262_mic1.flac
p255,POOL,302,F:\VCTK Dataset\wav48_silence_trimmed\p255\p255_302_mic1.flac
p255,POOL,342,F:\VCTK Dataset\wav48_silence_trimmed\p255\p255_342_mic1.flac
p255,POOL,381,F:\VCTK Dataset\wav48_silence_trimmed\p255\p255_381_mic1.flac
p256,POOL,25,F:\VCTK Dataset\wav48_silence_trimmed\p256\p256_025_mic1.flac
p256,POOL,57,F:\VCTK Dataset\wav48_silence_trimmed\p256\p256_057_mic1.flac
p256,POOL,90,F:\VCTK Dataset\wav48_silence_trimmed\p256\p256_090_mic1.flac
p256,POOL,123,F:\VCTK Dataset\wav48_silence_trimmed\p256\p256_123_mic1.flac
p256,POOL,156,F:\VCTK Dataset\wav48_silence_trimmed\p256\p256_156_mic1.flac
p256,POOL,188,F:\VCTK Dataset\wav48_silence_trimmed\p256\p256_188_mic1.flac
p256,POOL,221,F:\VCTK Dataset\wav48_silence_trimmed\p256\p256_221_mic1.flac
p256,POOL,254,F:\VCTK Dataset\wav48_silence_trimmed\p256\p256_254_mic1.flac
p256,POOL,287,F:\VCTK Dataset\wav48_silence_trimmed\p256\p256_287_mic1.flac
p256,POOL,320,F:\VCTK Dataset\wav48_silence_trimmed\p256\p256_320_mic1.flac
p257,POOL,25,F:\VCTK Dataset\wav48_silence_trimmed\p257\p257_025_mic1.flac
p257,POOL,70,F:\VCTK Dataset\wav48_silence_trimmed\p257\p257_070_mic1.flac
p257,POOL,116,F:\VCTK Dataset\wav48_silence_trimmed\p257\p257_116_mic1.flac
p257,POOL,161,F:\VCTK Dataset\wav48_silence_trimmed\p257\p257_161_mic1.flac
p257,POOL,207,F:\VCTK Dataset\wav48_silence_trimmed\p257\p257_207_mic1.flac
p257,POOL,252,F:\VCTK Dataset\wav48_silence_trimmed\p257\p257_252_mic1.flac
p257,POOL,298,F:\VCTK Dataset\wav48_silence_trimmed\p257\p257_298_mic1.flac
p257,POOL,343,F:\VCTK Dataset\wav48_silence_trimmed\p257\p257_343_mic1.flac
p257,POOL,389,F:\VCTK Dataset\wav48_silence_trimmed\p257\p257_389_mic1.flac
p257,POOL,434,F:\VCTK Dataset\wav48_silence_trimmed\p257\p257_434_mic1.flac
p258,POOL,25,F:\VCTK Dataset\wav48_silence_trimmed\p258\p258_025_mic1.flac
p258,POOL,68,F:\VCTK Dataset\wav48_silence_trimmed\p258\p258_068_mic1.flac
p258,POOL,112,F:\VCTK Dataset\wav48_silence_trimmed\p258\p258_112_mic1.flac
p258,POOL,155,F:\VCTK Dataset\wav48_silence_trimmed\p258\p258_155_mic1.flac
p258,POOL,198,F:\VCTK Dataset\wav48_silence_trimmed\p258\p258_198_mic1.flac
p258,POOL,242,F:\VCTK Dataset\wav48_silence_trimmed\p258\p258_242_mic1.flac
p258,POOL,285,F:\VCTK Dataset\wav48_silence_trimmed\p258\p258_285_mic1.flac
p258,POOL,328,F:\VCTK Dataset\wav48_silence_trimmed\p258\p258_328_mic1.flac
p258,POOL,371,F:\VCTK Dataset\wav48_silence_trimmed\p258\p258_371_mic1.flac
p258,POOL,414,F:\VCTK Dataset\wav48_silence_trimmed\p258\p258_414_mic1.flac
p259,POOL,25,F:\VCTK Dataset\wav48_silence_trimmed\p259\p259_025_mic1.flac
p259,POOL,75,F:\VCTK Dataset\wav48_silence_trimmed\p259\p259_075_mic1.flac
p259,POOL,126,F:\VCTK Dataset\wav48_silence_trimmed\p259\p259_126_mic1.flac
p259,POOL,177,F:\VCTK Dataset\wav48_silence_trimmed\p259\p259_177_mic1.flac
p259,POOL,228,F:\VCTK Dataset\wav48_silence_trimmed\p259\p259_228_mic1.flac
p259,POOL,278,F:\VCTK Dataset\wav48_silence_trimmed\p259\p259_278_mic1.flac
p259,POOL,329,F:\VCTK Dataset\wav48_silence_trimmed\p259\p259_329_mic1.flac
p259,POOL,380,F:\VCTK Dataset\wav48_silence_trimmed\p259\p259_380_mic1.flac
p259,POOL,431,F:\VCTK Dataset\wav48_silence_trimmed\p259\p259_431_mic1.flac
p259,POOL,481,F:\VCTK Dataset\wav48_silence_trimmed\p259\p259_481_mic1.flac
p260,HELD_OUT,25,F:\VCTK Dataset\wav48_silence_trimmed\p260\p260_025_mic1.flac
p260,HELD_OUT,62,F:\VCTK Dataset\wav48_silence_trimmed\p260\p260_062_mic1.flac
p260,HELD_OUT,98,F:\VCTK Dataset\wav48_silence_trimmed\p260\p260_098_mic1.flac
p260,HELD_OUT,135,F:\VCTK Dataset\wav48_silence_trimmed\p260\p260_135_mic1.flac
p260,HELD_OUT,172,F:\VCTK Dataset\wav48_silence_trimmed\p260\p260_172_mic1.flac
p260,HELD_OUT,209,F:\VCTK Dataset\wav48_silence_trimmed\p260\p260_209_mic1.flac
p260,HELD_OUT,246,F:\VCTK Dataset\wav48_silence_trimmed\p260\p260_246_mic1.flac
p260,HELD_OUT,283,F:\VCTK Dataset\wav48_silence_trimmed\p260\p260_283_mic1.flac
p260,HELD_OUT,319,F:\VCTK Dataset\wav48_silence_trimmed\p260\p260_319_mic1.flac
p260,HELD_OUT,357,F:\VCTK Dataset\wav48_silence_trimmed\p260\p260_357_mic1.flac
p261,POOL,25,F:\VCTK Dataset\wav48_silence_trimmed\p261\p261_025_mic1.flac
p261,POOL,75,F:\VCTK Dataset\wav48_silence_trimmed\p261\p261_075_mic1.flac
p261,POOL,125,F:\VCTK Dataset\wav48_silence_trimmed\p261\p261_125_mic1.flac
p261,POOL,175,F:\VCTK Dataset\wav48_silence_trimmed\p261\p261_175_mic1.flac
p261,POOL,225,F:\VCTK Dataset\wav48_silence_trimmed\p261\p261_225_mic1.flac
p261,POOL,274,F:\VCTK Dataset\wav48_silence_trimmed\p261\p261_274_mic1.flac
p261,POOL,324,F:\VCTK Dataset\wav48_silence_trimmed\p261\p261_324_mic1.flac
p261,POOL,374,F:\VCTK Dataset\wav48_silence_trimmed\p261\p261_374_mic1.flac
p261,POOL,424,F:\VCTK Dataset\wav48_silence_trimmed\p261\p261_424_mic1.flac
p261,POOL,474,F:\VCTK Dataset\wav48_silence_trimmed\p261\p261_474_mic1.flac
p262,POOL,25,F:\VCTK Dataset\wav48_silence_trimmed\p262\p262_025_mic1.flac
p262,POOL,66,F:\VCTK Dataset\wav48_silence_trimmed\p262\p262_066_mic1.flac
p262,POOL,107,F:\VCTK Dataset\wav48_silence_trimmed\p262\p262_107_mic1.flac
p262,POOL,148,F:\VCTK Dataset\wav48_silence_trimmed\p262\p262_148_mic1.flac
p262,POOL,189,F:\VCTK Dataset\wav48_silence_trimmed\p262\p262_189_mic1.flac
p262,POOL,230,F:\VCTK Dataset\wav48_silence_trimmed\p262\p262_230_mic1.flac
p262,POOL,271,F:\VCTK Dataset\wav48_silence_trimmed\p262\p262_271_mic1.flac
p262,POOL,312,F:\VCTK Dataset\wav48_silence_trimmed\p262\p262_312_mic1.flac
p262,POOL,353,F:\VCTK Dataset\wav48_silence_trimmed\p262\p262_353_mic1.flac
p262,POOL,394,F:\VCTK Dataset\wav48_silence_trimmed\p262\p262_394_mic1.flac
p263,POOL,25,F:\VCTK Dataset\wav48_silence_trimmed\p263\p263_025_mic1.flac
p263,POOL,74,F:\VCTK Dataset\wav48_silence_trimmed\p263\p263_074_mic1.flac
p263,POOL,124,F:\VCTK Dataset\wav48_silence_trimmed\p263\p263_124_mic1.flac
p263,POOL,174,F:\VCTK Dataset\wav48_silence_trimmed\p263\p263_174_mic1.flac
p263,POOL,223,F:\VCTK Dataset\wav48_silence_trimmed\p263\p263_223_mic1.flac
p263,POOL,274,F:\VCTK Dataset\wav48_silence_trimmed\p263\p263_274_mic1.flac
p263,POOL,324,F:\VCTK Dataset\wav48_silence_trimmed\p263\p263_324_mic1.flac
p263,POOL,374,F:\VCTK Dataset\wav48_silence_trimmed\p263\p263_374_mic1.flac
p263,POOL,424,F:\VCTK Dataset\wav48_silence_trimmed\p263\p263_424_mic1.flac
p263,POOL,473,F:\VCTK Dataset\wav48_silence_trimmed\p263\p263_473_mic1.flac
p264,POOL,25,F:\VCTK Dataset\wav48_silence_trimmed\p264\p264_025_mic1.flac
p264,POOL,77,F:\VCTK Dataset\wav48_silence_trimmed\p264\p264_077_mic1.flac
p264,POOL,130,F:\VCTK Dataset\wav48_silence_trimmed\p264\p264_130_mic1.flac
p264,POOL,182,F:\VCTK Dataset\wav48_silence_trimmed\p264\p264_182_mic1.flac
p264,POOL,236,F:\VCTK Dataset\wav48_silence_trimmed\p264\p264_236_mic1.flac
p264,POOL,289,F:\VCTK Dataset\wav48_silence_trimmed\p264\p264_289_mic1.flac
p264,POOL,341,F:\VCTK Dataset\wav48_silence_trimmed\p264\p264_341_mic1.flac
p264,POOL,393,F:\VCTK Dataset\wav48_silence_trimmed\p264\p264_393_mic1.flac
p264,POOL,444,F:\VCTK Dataset\wav48_silence_trimmed\p264\p264_444_mic1.flac
p264,POOL,495,F:\VCTK Dataset\wav48_silence_trimmed\p264\p264_495_mic1.flac
p265,POOL,25,F:\VCTK Dataset\wav48_silence_trimmed\p265\p265_025_mic1.flac
p265,POOL,61,F:\VCTK Dataset\wav48_silence_trimmed\p265\p265_061_mic1.flac
p265,POOL,98,F:\VCTK Dataset\wav48_silence_trimmed\p265\p265_098_mic1.flac
p265,POOL,134,F:\VCTK Dataset\wav48_silence_trimmed\p265\p265_134_mic1.flac
p265,POOL,170,F:\VCTK Dataset\wav48_silence_trimmed\p265\p265_170_mic1.flac
p265,POOL,207,F:\VCTK Dataset\wav48_silence_trimmed\p265\p265_207_mic1.flac
p265,POOL,243,F:\VCTK Dataset\wav48_silence_trimmed\p265\p265_243_mic1.flac
p265,POOL,280,F:\VCTK Dataset\wav48_silence_trimmed\p265\p265_280_mic1.flac
p265,POOL,316,F:\VCTK Dataset\wav48_silence_trimmed\p265\p265_316_mic1.flac
p265,POOL,352,F:\VCTK Dataset\wav48_silence_trimmed\p265\p265_352_mic1.flac
p266,HELD_OUT,25,F:\VCTK Dataset\wav48_silence_trimmed\p266\p266_025_mic1.flac
p266,HELD_OUT,69,F:\VCTK Dataset\wav48_silence_trimmed\p266\p266_069_mic1.flac
p266,HELD_OUT,113,F:\VCTK Dataset\wav48_silence_trimmed\p266\p266_113_mic1.flac
p266,HELD_OUT,157,F:\VCTK Dataset\wav48_silence_trimmed\p266\p266_157_mic1.flac
p266,HELD_OUT,202,F:\VCTK Dataset\wav48_silence_trimmed\p266\p266_202_mic1.flac
p266,HELD_OUT,247,F:\VCTK Dataset\wav48_silence_trimmed\p266\p266_247_mic1.flac
p266,HELD_OUT,291,F:\VCTK Dataset\wav48_silence_trimmed\p266\p266_291_mic1.flac
p266,HELD_OUT,335,F:\VCTK Dataset\wav48_silence_trimmed\p266\p266_335_mic1.flac
p266,HELD_OUT,379,F:\VCTK Dataset\wav48_silence_trimmed\p266\p266_379_mic1.flac
p266,HELD_OUT,424,F:\VCTK Dataset\wav48_silence_trimmed\p266\p266_424_mic1.flac
p267,POOL,25,F:\VCTK Dataset\wav48_silence_trimmed\p267\p267_025_mic1.flac
p267,POOL,68,F:\VCTK Dataset\wav48_silence_trimmed\p267\p267_068_mic1.flac
p267,POOL,113,F:\VCTK Dataset\wav48_silence_trimmed\p267\p267_113_mic1.flac
p267,POOL,157,F:\VCTK Dataset\wav48_silence_trimmed\p267\p267_157_mic1.flac
p267,POOL,200,F:\VCTK Dataset\wav48_silence_trimmed\p267\p267_200_mic1.flac
p267,POOL,245,F:\VCTK Dataset\wav48_silence_trimmed\p267\p267_245_mic1.flac
p267,POOL,288,F:\VCTK Dataset\wav48_silence_trimmed\p267\p267_288_mic1.flac
p267,POOL,334,F:\VCTK Dataset\wav48_silence_trimmed\p267\p267_334_mic1.flac
p267,POOL,378,F:\VCTK Dataset\wav48_silence_trimmed\p267\p267_378_mic1.flac
p267,POOL,421,F:\VCTK Dataset\wav48_silence_trimmed\p267\p267_421_mic1.flac
p268,POOL,25,F:\VCTK Dataset\wav48_silence_trimmed\p268\p268_025_mic1.flac
p268,POOL,67,F:\VCTK Dataset\wav48_silence_trimmed\p268\p268_067_mic1.flac
p268,POOL,110,F:\VCTK Dataset\wav48_silence_trimmed\p268\p268_110_mic1.flac
p268,POOL,154,F:\VCTK Dataset\wav48_silence_trimmed\p268\p268_154_mic1.flac
p268,POOL,197,F:\VCTK Dataset\wav48_silence_trimmed\p268\p268_197_mic1.flac
p268,POOL,240,F:\VCTK Dataset\wav48_silence_trimmed\p268\p268_240_mic1.flac
p268,POOL,283,F:\VCTK Dataset\wav48_silence_trimmed\p268\p268_283_mic1.flac
p268,POOL,326,F:\VCTK Dataset\wav48_silence_trimmed\p268\p268_326_mic1.flac
p268,POOL,369,F:\VCTK Dataset\wav48_silence_trimmed\p268\p268_369_mic1.flac
p268,POOL,411,F:\VCTK Dataset\wav48_silence_trimmed\p268\p268_411_mic1.flac
p269,POOL,25,F:\VCTK Dataset\wav48_silence_trimmed\p269\p269_025_mic1.flac
p269,POOL,66,F:\VCTK Dataset\wav48_silence_trimmed\p269\p269_066_mic1.flac
p269,POOL,108,F:\VCTK Dataset\wav48_silence_trimmed\p269\p269_108_mic1.flac
p269,POOL,151,F:\VCTK Dataset\wav48_silence_trimmed\p269\p269_151_mic1.flac
p269,POOL,194,F:\VCTK Dataset\wav48_silence_trimmed\p269\p269_194_mic1.flac
p269,POOL,235,F:\VCTK Dataset\wav48_silence_trimmed\p269\p269_235_mic1.flac
p269,POOL,277,F:\VCTK Dataset\wav48_silence_trimmed\p269\p269_277_mic1.flac
p269,POOL,319,F:\VCTK Dataset\wav48_silence_trimmed\p269\p269_319_mic1.flac
p269,POOL,361,F:\VCTK Dataset\wav48_silence_trimmed\p269\p269_361_mic1.flac
p269,POOL,403,F:\VCTK Dataset\wav48_silence_trimmed\p269\p269_403_mic1.flac
p270,POOL,25,F:\VCTK Dataset\wav48_silence_trimmed\p270\p270_025_mic1.flac
p270,POOL,73,F:\VCTK Dataset\wav48_silence_trimmed\p270\p270_073_mic1.flac
p270,POOL,122,F:\VCTK Dataset\wav48_silence_trimmed\p270\p270_122_mic1.flac
p270,POOL,171,F:\VCTK Dataset\wav48_silence_trimmed\p270\p270_171_mic1.flac
p270,POOL,219,F:\VCTK Dataset\wav48_silence_trimmed\p270\p270_219_mic1.flac
p270,POOL,268,F:\VCTK Dataset\wav48_silence_trimmed\p270\p270_268_mic1.flac
p270,POOL,316,F:\VCTK Dataset\wav48_silence_trimmed\p270\p270_316_mic1.flac
p270,POOL,365,F:\VCTK Dataset\wav48_silence_trimmed\p270\p270_365_mic1.flac
p270,POOL,414,F:\VCTK Dataset\wav48_silence_trimmed\p270\p270_414_mic1.flac
p270,POOL,462,F:\VCTK Dataset\wav48_silence_trimmed\p270\p270_462_mic1.flac
p271,POOL,25,F:\VCTK Dataset\wav48_silence_trimmed\p271\p271_025_mic1.flac
p271,POOL,72,F:\VCTK Dataset\wav48_silence_trimmed\p271\p271_072_mic1.flac
p271,POOL,120,F:\VCTK Dataset\wav48_silence_trimmed\p271\p271_120_mic1.flac
p271,POOL,168,F:\VCTK Dataset\wav48_silence_trimmed\p271\p271_168_mic1.flac
p271,POOL,216,F:\VCTK Dataset\wav48_silence_trimmed\p271\p271_216_mic1.flac
p271,POOL,263,F:\VCTK Dataset\wav48_silence_trimmed\p271\p271_263_mic1.flac
p271,POOL,311,F:\VCTK Dataset\wav48_silence_trimmed\p271\p271_311_mic1.flac
p271,POOL,359,F:\VCTK Dataset\wav48_silence_trimmed\p271\p271_359_mic1.flac
p271,POOL,407,F:\VCTK Dataset\wav48_silence_trimmed\p271\p271_407_mic1.flac
p271,POOL,454,F:\VCTK Dataset\wav48_silence_trimmed\p271\p271_454_mic1.flac
p272,POOL,25,F:\VCTK Dataset\wav48_silence_trimmed\p272\p272_025_mic1.flac
p272,POOL,68,F:\VCTK Dataset\wav48_silence_trimmed\p272\p272_068_mic1.flac
p272,POOL,111,F:\VCTK Dataset\wav48_silence_trimmed\p272\p272_111_mic1.flac
p272,POOL,154,F:\VCTK Dataset\wav48_silence_trimmed\p272\p272_154_mic1.flac
p272,POOL,197,F:\VCTK Dataset\wav48_silence_trimmed\p272\p272_197_mic1.flac
p272,POOL,240,F:\VCTK Dataset\wav48_silence_trimmed\p272\p272_240_mic1.flac
p272,POOL,283,F:\VCTK Dataset\wav48_silence_trimmed\p272\p272_283_mic1.flac
p272,POOL,326,F:\VCTK Dataset\wav48_silence_trimmed\p272\p272_326_mic1.flac
p272,POOL,369,F:\VCTK Dataset\wav48_silence_trimmed\p272\p272_369_mic1.flac
p272,POOL,412,F:\VCTK Dataset\wav48_silence_trimmed\p272\p272_412_mic1.flac
p273,POOL,25,F:\VCTK Dataset\wav48_silence_trimmed\p273\p273_025_mic1.flac
p273,POOL,70,F:\VCTK Dataset\wav48_silence_trimmed\p273\p273_070_mic1.flac
p273,POOL,116,F:\VCTK Dataset\wav48_silence_trimmed\p273\p273_116_mic1.flac
p273,POOL,161,F:\VCTK Dataset\wav48_silence_trimmed\p273\p273_161_mic1.flac
p273,POOL,207,F:\VCTK Dataset\wav48_silence_trimmed\p273\p273_207_mic1.flac
p273,POOL,253,F:\VCTK Dataset\wav48_silence_trimmed\p273\p273_253_mic1.flac
p273,POOL,299,F:\VCTK Dataset\wav48_silence_trimmed\p273\p273_299_mic1.flac
p273,POOL,345,F:\VCTK Dataset\wav48_silence_trimmed\p273\p273_345_mic1.flac
p273,POOL,391,F:\VCTK Dataset\wav48_silence_trimmed\p273\p273_391_mic1.flac
p273,POOL,436,F:\VCTK Dataset\wav48_silence_trimmed\p273\p273_436_mic1.flac
p274,POOL,25,F:\VCTK Dataset\wav48_silence_trimmed\p274\p274_025_mic1.flac
p274,POOL,74,F:\VCTK Dataset\wav48_silence_trimmed\p274\p274_074_mic1.flac
p274,POOL,123,F:\VCTK Dataset\wav48_silence_trimmed\p274\p274_123_mic1.flac
p274,POOL,173,F:\VCTK Dataset\wav48_silence_trimmed\p274\p274_173_mic1.flac
p274,POOL,222,F:\VCTK Dataset\wav48_silence_trimmed\p274\p274_222_mic1.flac
p274,POOL,273,F:\VCTK Dataset\wav48_silence_trimmed\p274\p274_273_mic1.flac
p274,POOL,322,F:\VCTK Dataset\wav48_silence_trimmed\p274\p274_322_mic1.flac
p274,POOL,371,F:\VCTK Dataset\wav48_silence_trimmed\p274\p274_371_mic1.flac
p274,POOL,421,F:\VCTK Dataset\wav48_silence_trimmed\p274\p274_421_mic1.flac
p274,POOL,470,F:\VCTK Dataset\wav48_silence_trimmed\p274\p274_470_mic1.flac
p275,POOL,25,F:\VCTK Dataset\wav48_silence_trimmed\p275\p275_025_mic1.flac
p275,POOL,68,F:\VCTK Dataset\wav48_silence_trimmed\p275\p275_068_mic1.flac
p275,POOL,113,F:\VCTK Dataset\wav48_silence_trimmed\p275\p275_113_mic1.flac
p275,POOL,157,F:\VCTK Dataset\wav48_silence_trimmed\p275\p275_157_mic1.flac
p275,POOL,201,F:\VCTK Dataset\wav48_silence_trimmed\p275\p275_201_mic1.flac
p275,POOL,249,F:\VCTK Dataset\wav48_silence_trimmed\p275\p275_249_mic1.flac
p275,POOL,294,F:\VCTK Dataset\wav48_silence_trimmed\p275\p275_294_mic1.flac
p275,POOL,340,F:\VCTK Dataset\wav48_silence_trimmed\p275\p275_340_mic1.flac
p275,POOL,384,F:\VCTK Dataset\wav48_silence_trimmed\p275\p275_384_mic1.flac
p275,POOL,429,F:\VCTK Dataset\wav48_silence_trimmed\p275\p275_429_mic1.flac
p276,POOL,25,F:\VCTK Dataset\wav48_silence_trimmed\p276\p276_025_mic1.flac
p276,POOL,73,F:\VCTK Dataset\wav48_silence_trimmed\p276\p276_073_mic1.flac
p276,POOL,122,F:\VCTK Dataset\wav48_silence_trimmed\p276\p276_122_mic1.flac
p276,POOL,171,F:\VCTK Dataset\wav48_silence_trimmed\p276\p276_171_mic1.flac
p276,POOL,220,F:\VCTK Dataset\wav48_silence_trimmed\p276\p276_220_mic1.flac
p276,POOL,269,F:\VCTK Dataset\wav48_silence_trimmed\p276\p276_269_mic1.flac
p276,POOL,318,F:\VCTK Dataset\wav48_silence_trimmed\p276\p276_318_mic1.flac
p276,POOL,367,F:\VCTK Dataset\wav48_silence_trimmed\p276\p276_367_mic1.flac
p276,POOL,417,F:\VCTK Dataset\wav48_silence_trimmed\p276\p276_417_mic1.flac
p276,POOL,465,F:\VCTK Dataset\wav48_silence_trimmed\p276\p276_465_mic1.flac
p277,POOL,25,F:\VCTK Dataset\wav48_silence_trimmed\p277\p277_025_mic1.flac
p277,POOL,73,F:\VCTK Dataset\wav48_silence_trimmed\p277\p277_073_mic1.flac
p277,POOL,121,F:\VCTK Dataset\wav48_silence_trimmed\p277\p277_121_mic1.flac
p277,POOL,170,F:\VCTK Dataset\wav48_silence_trimmed\p277\p277_170_mic1.flac
p277,POOL,218,F:\VCTK Dataset\wav48_silence_trimmed\p277\p277_218_mic1.flac
p277,POOL,268,F:\VCTK Dataset\wav48_silence_trimmed\p277\p277_268_mic1.flac
p277,POOL,316,F:\VCTK Dataset\wav48_silence_trimmed\p277\p277_316_mic1.flac
p277,POOL,366,F:\VCTK Dataset\wav48_silence_trimmed\p277\p277_366_mic1.flac
p277,POOL,415,F:\VCTK Dataset\wav48_silence_trimmed\p277\p277_415_mic1.flac
p277,POOL,463,F:\VCTK Dataset\wav48_silence_trimmed\p277\p277_463_mic1.flac
p278,HELD_OUT,25,F:\VCTK Dataset\wav48_silence_trimmed\p278\p278_025_mic1.flac
p278,HELD_OUT,68,F:\VCTK Dataset\wav48_silence_trimmed\p278\p278_068_mic1.flac
p278,HELD_OUT,110,F:\VCTK Dataset\wav48_silence_trimmed\p278\p278_110_mic1.flac
p278,HELD_OUT,153,F:\VCTK Dataset\wav48_silence_trimmed\p278\p278_153_mic1.flac
p278,HELD_OUT,196,F:\VCTK Dataset\wav48_silence_trimmed\p278\p278_196_mic1.flac
p278,HELD_OUT,239,F:\VCTK Dataset\wav48_silence_trimmed\p278\p278_239_mic1.flac
p278,HELD_OUT,282,F:\VCTK Dataset\wav48_silence_trimmed\p278\p278_282_mic1.flac
p278,HELD_OUT,325,F:\VCTK Dataset\wav48_silence_trimmed\p278\p278_325_mic1.flac
p278,HELD_OUT,367,F:\VCTK Dataset\wav48_silence_trimmed\p278\p278_367_mic1.flac
p278,HELD_OUT,410,F:\VCTK Dataset\wav48_silence_trimmed\p278\p278_410_mic1.flac
p279,POOL,25,F:\VCTK Dataset\wav48_silence_trimmed\p279\p279_025_mic1.flac
p279,POOL,67,F:\VCTK Dataset\wav48_silence_trimmed\p279\p279_067_mic1.flac
p279,POOL,110,F:\VCTK Dataset\wav48_silence_trimmed\p279\p279_110_mic1.flac
p279,POOL,152,F:\VCTK Dataset\wav48_silence_trimmed\p279\p279_152_mic1.flac
p279,POOL,194,F:\VCTK Dataset\wav48_silence_trimmed\p279\p279_194_mic1.flac
p279,POOL,237,F:\VCTK Dataset\wav48_silence_trimmed\p279\p279_237_mic1.flac
p279,POOL,279,F:\VCTK Dataset\wav48_silence_trimmed\p279\p279_279_mic1.flac
p279,POOL,321,F:\VCTK Dataset\wav48_silence_trimmed\p279\p279_321_mic1.flac
p279,POOL,364,F:\VCTK Dataset\wav48_silence_trimmed\p279\p279_364_mic1.flac
p279,POOL,406,F:\VCTK Dataset\wav48_silence_trimmed\p279\p279_406_mic1.flac
p280,POOL,25,F:\VCTK Dataset\wav48_silence_trimmed\p280\p280_025_mic1.flac
p280,POOL,68,F:\VCTK Dataset\wav48_silence_trimmed\p280\p280_068_mic1.flac
p280,POOL,110,F:\VCTK Dataset\wav48_silence_trimmed\p280\p280_110_mic1.flac
p280,POOL,153,F:\VCTK Dataset\wav48_silence_trimmed\p280\p280_153_mic1.flac
p280,POOL,196,F:\VCTK Dataset\wav48_silence_trimmed\p280\p280_196_mic1.flac
p280,POOL,239,F:\VCTK Dataset\wav48_silence_trimmed\p280\p280_239_mic1.flac
p280,POOL,282,F:\VCTK Dataset\wav48_silence_trimmed\p280\p280_282_mic1.flac
p280,POOL,325,F:\VCTK Dataset\wav48_silence_trimmed\p280\p280_325_mic1.flac
p280,POOL,367,F:\VCTK Dataset\wav48_silence_trimmed\p280\p280_367_mic1.flac
p280,POOL,410,F:\VCTK Dataset\wav48_silence_trimmed\p280\p280_410_mic1.flac
p281,POOL,25,F:\VCTK Dataset\wav48_silence_trimmed\p281\p281_025_mic1.flac
p281,POOL,73,F:\VCTK Dataset\wav48_silence_trimmed\p281\p281_073_mic1.flac
p281,POOL,122,F:\VCTK Dataset\wav48_silence_trimmed\p281\p281_122_mic1.flac
p281,POOL,170,F:\VCTK Dataset\wav48_silence_trimmed\p281\p281_170_mic1.flac
p281,POOL,218,F:\VCTK Dataset\wav48_silence_trimmed\p281\p281_218_mic1.flac
p281,POOL,267,F:\VCTK Dataset\wav48_silence_trimmed\p281\p281_267_mic1.flac
p281,POOL,315,F:\VCTK Dataset\wav48_silence_trimmed\p281\p281_315_mic1.flac
p281,POOL,363,F:\VCTK Dataset\wav48_silence_trimmed\p281\p281_363_mic1.flac
p281,POOL,412,F:\VCTK Dataset\wav48_silence_trimmed\p281\p281_412_mic1.flac
p281,POOL,460,F:\VCTK Dataset\wav48_silence_trimmed\p281\p281_460_mic1.flac
p282,HELD_OUT,25,F:\VCTK Dataset\wav48_silence_trimmed\p282\p282_025_mic1.flac
p282,HELD_OUT,63,F:\VCTK Dataset\wav48_silence_trimmed\p282\p282_063_mic1.flac
p282,HELD_OUT,101,F:\VCTK Dataset\wav48_silence_trimmed\p282\p282_101_mic1.flac
p282,HELD_OUT,141,F:\VCTK Dataset\wav48_silence_trimmed\p282\p282_141_mic1.flac
p282,HELD_OUT,179,F:\VCTK Dataset\wav48_silence_trimmed\p282\p282_179_mic1.flac
p282,HELD_OUT,217,F:\VCTK Dataset\wav48_silence_trimmed\p282\p282_217_mic1.flac
p282,HELD_OUT,255,F:\VCTK Dataset\wav48_silence_trimmed\p282\p282_255_mic1.flac
p282,HELD_OUT,294,F:\VCTK Dataset\wav48_silence_trimmed\p282\p282_294_mic1.flac
p282,HELD_OUT,332,F:\VCTK Dataset\wav48_silence_trimmed\p282\p282_332_mic1.flac
p282,HELD_OUT,370,F:\VCTK Dataset\wav48_silence_trimmed\p282\p282_370_mic1.flac
p283,POOL,25,F:\VCTK Dataset\wav48_silence_trimmed\p283\p283_025_mic1.flac
p283,POOL,74,F:\VCTK Dataset\wav48_silence_trimmed\p283\p283_074_mic1.flac
p283,POOL,124,F:\VCTK Dataset\wav48_silence_trimmed\p283\p283_124_mic1.flac
p283,POOL,173,F:\VCTK Dataset\wav48_silence_trimmed\p283\p283_173_mic1.flac
p283,POOL,222,F:\VCTK Dataset\wav48_silence_trimmed\p283\p283_222_mic1.flac
p283,POOL,272,F:\VCTK Dataset\wav48_silence_trimmed\p283\p283_272_mic1.flac
p283,POOL,321,F:\VCTK Dataset\wav48_silence_trimmed\p283\p283_321_mic1.flac
p283,POOL,372,F:\VCTK Dataset\wav48_silence_trimmed\p283\p283_372_mic1.flac
p283,POOL,422,F:\VCTK Dataset\wav48_silence_trimmed\p283\p283_422_mic1.flac
p283,POOL,471,F:\VCTK Dataset\wav48_silence_trimmed\p283\p283_471_mic1.flac
p284,POOL,25,F:\VCTK Dataset\wav48_silence_trimmed\p284\p284_025_mic1.flac
p284,POOL,69,F:\VCTK Dataset\wav48_silence_trimmed\p284\p284_069_mic1.flac
p284,POOL,114,F:\VCTK Dataset\wav48_silence_trimmed\p284\p284_114_mic1.flac
p284,POOL,158,F:\VCTK Dataset\wav48_silence_trimmed\p284\p284_158_mic1.flac
p284,POOL,203,F:\VCTK Dataset\wav48_silence_trimmed\p284\p284_203_mic1.flac
p284,POOL,247,F:\VCTK Dataset\wav48_silence_trimmed\p284\p284_247_mic1.flac
p284,POOL,292,F:\VCTK Dataset\wav48_silence_trimmed\p284\p284_292_mic1.flac
p284,POOL,336,F:\VCTK Dataset\wav48_silence_trimmed\p284\p284_336_mic1.flac
p284,POOL,381,F:\VCTK Dataset\wav48_silence_trimmed\p284\p284_381_mic1.flac
p284,POOL,425,F:\VCTK Dataset\wav48_silence_trimmed\p284\p284_425_mic1.flac
p285,POOL,25,F:\VCTK Dataset\wav48_silence_trimmed\p285\p285_025_mic1.flac
p285,POOL,67,F:\VCTK Dataset\wav48_silence_trimmed\p285\p285_067_mic1.flac
p285,POOL,109,F:\VCTK Dataset\wav48_silence_trimmed\p285\p285_109_mic1.flac
p285,POOL,151,F:\VCTK Dataset\wav48_silence_trimmed\p285\p285_151_mic1.flac
p285,POOL,193,F:\VCTK Dataset\wav48_silence_trimmed\p285\p285_193_mic1.flac
p285,POOL,235,F:\VCTK Dataset\wav48_silence_trimmed\p285\p285_235_mic1.flac
p285,POOL,277,F:\VCTK Dataset\wav48_silence_trimmed\p285\p285_277_mic1.flac
p285,POOL,319,F:\VCTK Dataset\wav48_silence_trimmed\p285\p285_319_mic1.flac
p285,POOL,361,F:\VCTK Dataset\wav48_silence_trimmed\p285\p285_361_mic1.flac
p285,POOL,403,F:\VCTK Dataset\wav48_silence_trimmed\p285\p285_403_mic1.flac
p286,POOL,25,F:\VCTK Dataset\wav48_silence_trimmed\p286\p286_025_mic1.flac
p286,POOL,75,F:\VCTK Dataset\wav48_silence_trimmed\p286\p286_075_mic1.flac
p286,POOL,124,F:\VCTK Dataset\wav48_silence_trimmed\p286\p286_124_mic1.flac
p286,POOL,173,F:\VCTK Dataset\wav48_silence_trimmed\p286\p286_173_mic1.flac
p286,POOL,222,F:\VCTK Dataset\wav48_silence_trimmed\p286\p286_222_mic1.flac
p286,POOL,272,F:\VCTK Dataset\wav48_silence_trimmed\p286\p286_272_mic1.flac
p286,POOL,321,F:\VCTK Dataset\wav48_silence_trimmed\p286\p286_321_mic1.flac
p286,POOL,370,F:\VCTK Dataset\wav48_silence_trimmed\p286\p286_370_mic1.flac
p286,POOL,419,F:\VCTK Dataset\wav48_silence_trimmed\p286\p286_419_mic1.flac
p286,POOL,468,F:\VCTK Dataset\wav48_silence_trimmed\p286\p286_468_mic1.flac
p287,POOL,25,F:\VCTK Dataset\wav48_silence_trimmed\p287\p287_025_mic1.flac
p287,POOL,69,F:\VCTK Dataset\wav48_silence_trimmed\p287\p287_069_mic1.flac
p287,POOL,114,F:\VCTK Dataset\wav48_silence_trimmed\p287\p287_114_mic1.flac
p287,POOL,158,F:\VCTK Dataset\wav48_silence_trimmed\p287\p287_158_mic1.flac
p287,POOL,202,F:\VCTK Dataset\wav48_silence_trimmed\p287\p287_202_mic1.flac
p287,POOL,247,F:\VCTK Dataset\wav48_silence_trimmed\p287\p287_247_mic1.flac
p287,POOL,291,F:\VCTK Dataset\wav48_silence_trimmed\p287\p287_291_mic1.flac
p287,POOL,335,F:\VCTK Dataset\wav48_silence_trimmed\p287\p287_335_mic1.flac
p287,POOL,380,F:\VCTK Dataset\wav48_silence_trimmed\p287\p287_380_mic1.flac
p287,POOL,424,F:\VCTK Dataset\wav48_silence_trimmed\p287\p287_424_mic1.flac
p288,POOL,25,F:\VCTK Dataset\wav48_silence_trimmed\p288\p288_025_mic1.flac
p288,POOL,68,F:\VCTK Dataset\wav48_silence_trimmed\p288\p288_068_mic1.flac
p288,POOL,111,F:\VCTK Dataset\wav48_silence_trimmed\p288\p288_111_mic1.flac
p288,POOL,154,F:\VCTK Dataset\wav48_silence_trimmed\p288\p288_154_mic1.flac
p288,POOL,197,F:\VCTK Dataset\wav48_silence_trimmed\p288\p288_197_mic1.flac
p288,POOL,240,F:\VCTK Dataset\wav48_silence_trimmed\p288\p288_240_mic1.flac
p288,POOL,283,F:\VCTK Dataset\wav48_silence_trimmed\p288\p288_283_mic1.flac
p288,POOL,326,F:\VCTK Dataset\wav48_silence_trimmed\p288\p288_326_mic1.flac
p288,POOL,369,F:\VCTK Dataset\wav48_silence_trimmed\p288\p288_369_mic1.flac
p288,POOL,412,F:\VCTK Dataset\wav48_silence_trimmed\p288\p288_412_mic1.flac
p292,POOL,25,F:\VCTK Dataset\wav48_silence_trimmed\p292\p292_025_mic1.flac
p292,POOL,69,F:\VCTK Dataset\wav48_silence_trimmed\p292\p292_069_mic1.flac
p292,POOL,114,F:\VCTK Dataset\wav48_silence_trimmed\p292\p292_114_mic1.flac
p292,POOL,158,F:\VCTK Dataset\wav48_silence_trimmed\p292\p292_158_mic1.flac
p292,POOL,202,F:\VCTK Dataset\wav48_silence_trimmed\p292\p292_202_mic1.flac
p292,POOL,247,F:\VCTK Dataset\wav48_silence_trimmed\p292\p292_247_mic1.flac
p292,POOL,291,F:\VCTK Dataset\wav48_silence_trimmed\p292\p292_291_mic1.flac
p292,POOL,335,F:\VCTK Dataset\wav48_silence_trimmed\p292\p292_335_mic1.flac
p292,POOL,380,F:\VCTK Dataset\wav48_silence_trimmed\p292\p292_380_mic1.flac
p292,POOL,424,F:\VCTK Dataset\wav48_silence_trimmed\p292\p292_424_mic1.flac
p293,POOL,25,F:\VCTK Dataset\wav48_silence_trimmed\p293\p293_025_mic1.flac
p293,POOL,67,F:\VCTK Dataset\wav48_silence_trimmed\p293\p293_067_mic1.flac
p293,POOL,109,F:\VCTK Dataset\wav48_silence_trimmed\p293\p293_109_mic1.flac
p293,POOL,150,F:\VCTK Dataset\wav48_silence_trimmed\p293\p293_150_mic1.flac
p293,POOL,191,F:\VCTK Dataset\wav48_silence_trimmed\p293\p293_191_mic1.flac
p293,POOL,233,F:\VCTK Dataset\wav48_silence_trimmed\p293\p293_233_mic1.flac
p293,POOL,274,F:\VCTK Dataset\wav48_silence_trimmed\p293\p293_274_mic1.flac
p293,POOL,316,F:\VCTK Dataset\wav48_silence_trimmed\p293\p293_316_mic1.flac
p293,POOL,359,F:\VCTK Dataset\wav48_silence_trimmed\p293\p293_359_mic1.flac
p293,POOL,400,F:\VCTK Dataset\wav48_silence_trimmed\p293\p293_400_mic1.flac
p294,HELD_OUT,25,F:\VCTK Dataset\wav48_silence_trimmed\p294\p294_025_mic1.flac
p294,HELD_OUT,69,F:\VCTK Dataset\wav48_silence_trimmed\p294\p294_069_mic1.flac
p294,HELD_OUT,113,F:\VCTK Dataset\wav48_silence_trimmed\p294\p294_113_mic1.flac
p294,HELD_OUT,158,F:\VCTK Dataset\wav48_silence_trimmed\p294\p294_158_mic1.flac
p294,HELD_OUT,202,F:\VCTK Dataset\wav48_silence_trimmed\p294\p294_202_mic1.flac
p294,HELD_OUT,247,F:\VCTK Dataset\wav48_silence_trimmed\p294\p294_247_mic1.flac
p294,HELD_OUT,291,F:\VCTK Dataset\wav48_silence_trimmed\p294\p294_291_mic1.flac
p294,HELD_OUT,336,F:\VCTK Dataset\wav48_silence_trimmed\p294\p294_336_mic1.flac
p294,HELD_OUT,380,F:\VCTK Dataset\wav48_silence_trimmed\p294\p294_380_mic1.flac
p294,HELD_OUT,424,F:\VCTK Dataset\wav48_silence_trimmed\p294\p294_424_mic1.flac
p295,POOL,25,F:\VCTK Dataset\wav48_silence_trimmed\p295\p295_025_mic1.flac
p295,POOL,70,F:\VCTK Dataset\wav48_silence_trimmed\p295\p295_070_mic1.flac
p295,POOL,113,F:\VCTK Dataset\wav48_silence_trimmed\p295\p295_113_mic1.flac
p295,POOL,158,F:\VCTK Dataset\wav48_silence_trimmed\p295\p295_158_mic1.flac
p295,POOL,202,F:\VCTK Dataset\wav48_silence_trimmed\p295\p295_202_mic1.flac
p295,POOL,247,F:\VCTK Dataset\wav48_silence_trimmed\p295\p295_247_mic1.flac
p295,POOL,291,F:\VCTK Dataset\wav48_silence_trimmed\p295\p295_291_mic1.flac
p295,POOL,336,F:\VCTK Dataset\wav48_silence_trimmed\p295\p295_336_mic1.flac
p295,POOL,379,F:\VCTK Dataset\wav48_silence_trimmed\p295\p295_379_mic1.flac
p295,POOL,424,F:\VCTK Dataset\wav48_silence_trimmed\p295\p295_424_mic1.flac
p297,POOL,25,F:\VCTK Dataset\wav48_silence_trimmed\p297\p297_025_mic1.flac
p297,POOL,69,F:\VCTK Dataset\wav48_silence_trimmed\p297\p297_069_mic1.flac
p297,POOL,115,F:\VCTK Dataset\wav48_silence_trimmed\p297\p297_115_mic1.flac
p297,POOL,159,F:\VCTK Dataset\wav48_silence_trimmed\p297\p297_159_mic1.flac
p297,POOL,203,F:\VCTK Dataset\wav48_silence_trimmed\p297\p297_203_mic1.flac
p297,POOL,247,F:\VCTK Dataset\wav48_silence_trimmed\p297\p297_247_mic1.flac
p297,POOL,293,F:\VCTK Dataset\wav48_silence_trimmed\p297\p297_293_mic1.flac
p297,POOL,337,F:\VCTK Dataset\wav48_silence_trimmed\p297\p297_337_mic1.flac
p297,POOL,381,F:\VCTK Dataset\wav48_silence_trimmed\p297\p297_381_mic1.flac
p297,POOL,424,F:\VCTK Dataset\wav48_silence_trimmed\p297\p297_424_mic1.flac
p298,POOL,25,F:\VCTK Dataset\wav48_silence_trimmed\p298\p298_025_mic1.flac
p298,POOL,67,F:\VCTK Dataset\wav48_silence_trimmed\p298\p298_067_mic1.flac
p298,POOL,109,F:\VCTK Dataset\wav48_silence_trimmed\p298\p298_109_mic1.flac
p298,POOL,152,F:\VCTK Dataset\wav48_silence_trimmed\p298\p298_152_mic1.flac
p298,POOL,194,F:\VCTK Dataset\wav48_silence_trimmed\p298\p298_194_mic1.flac
p298,POOL,236,F:\VCTK Dataset\wav48_silence_trimmed\p298\p298_236_mic1.flac
p298,POOL,278,F:\VCTK Dataset\wav48_silence_trimmed\p298\p298_278_mic1.flac
p298,POOL,321,F:\VCTK Dataset\wav48_silence_trimmed\p298\p298_321_mic1.flac
p298,POOL,363,F:\VCTK Dataset\wav48_silence_trimmed\p298\p298_363_mic1.flac
p298,POOL,405,F:\VCTK Dataset\wav48_silence_trimmed\p298\p298_405_mic1.flac
p299,POOL,25,F:\VCTK Dataset\wav48_silence_trimmed\p299\p299_025_mic1.flac
p299,POOL,67,F:\VCTK Dataset\wav48_silence_trimmed\p299\p299_067_mic1.flac
p299,POOL,109,F:\VCTK Dataset\wav48_silence_trimmed\p299\p299_109_mic1.flac
p299,POOL,152,F:\VCTK Dataset\wav48_silence_trimmed\p299\p299_152_mic1.flac
p299,POOL,194,F:\VCTK Dataset\wav48_silence_trimmed\p299\p299_194_mic1.flac
p299,POOL,236,F:\VCTK Dataset\wav48_silence_trimmed\p299\p299_236_mic1.flac
p299,POOL,278,F:\VCTK Dataset\wav48_silence_trimmed\p299\p299_278_mic1.flac
p299,POOL,321,F:\VCTK Dataset\wav48_silence_trimmed\p299\p299_321_mic1.flac
p299,POOL,363,F:\VCTK Dataset\wav48_silence_trimmed\p299\p299_363_mic1.flac
p299,POOL,405,F:\VCTK Dataset\wav48_silence_trimmed\p299\p299_405_mic1.flac
p300,POOL,25,F:\VCTK Dataset\wav48_silence_trimmed\p300\p300_025_mic1.flac
p300,POOL,66,F:\VCTK Dataset\wav48_silence_trimmed\p300\p300_066_mic1.flac
p300,POOL,108,F:\VCTK Dataset\wav48_silence_trimmed\p300\p300_108_mic1.flac
p300,POOL,149,F:\VCTK Dataset\wav48_silence_trimmed\p300\p300_149_mic1.flac
p300,POOL,192,F:\VCTK Dataset\wav48_silence_trimmed\p300\p300_192_mic1.flac
p300,POOL,233,F:\VCTK Dataset\wav48_silence_trimmed\p300\p300_233_mic1.flac
p300,POOL,275,F:\VCTK Dataset\wav48_silence_trimmed\p300\p300_275_mic1.flac
p300,POOL,316,F:\VCTK Dataset\wav48_silence_trimmed\p300\p300_316_mic1.flac
p300,POOL,359,F:\VCTK Dataset\wav48_silence_trimmed\p300\p300_359_mic1.flac
p300,POOL,400,F:\VCTK Dataset\wav48_silence_trimmed\p300\p300_400_mic1.flac
p301,POOL,25,F:\VCTK Dataset\wav48_silence_trimmed\p301\p301_025_mic1.flac
p301,POOL,68,F:\VCTK Dataset\wav48_silence_trimmed\p301\p301_068_mic1.flac
p301,POOL,111,F:\VCTK Dataset\wav48_silence_trimmed\p301\p301_111_mic1.flac
p301,POOL,154,F:\VCTK Dataset\wav48_silence_trimmed\p301\p301_154_mic1.flac
p301,POOL,197,F:\VCTK Dataset\wav48_silence_trimmed\p301\p301_197_mic1.flac
p301,POOL,239,F:\VCTK Dataset\wav48_silence_trimmed\p301\p301_239_mic1.flac
p301,POOL,282,F:\VCTK Dataset\wav48_silence_trimmed\p301\p301_282_mic1.flac
p301,POOL,325,F:\VCTK Dataset\wav48_silence_trimmed\p301\p301_325_mic1.flac
p301,POOL,368,F:\VCTK Dataset\wav48_silence_trimmed\p301\p301_368_mic1.flac
p301,POOL,411,F:\VCTK Dataset\wav48_silence_trimmed\p301\p301_411_mic1.flac
p302,HELD_OUT,25,F:\VCTK Dataset\wav48_silence_trimmed\p302\p302_025_mic1.flac
p302,HELD_OUT,57,F:\VCTK Dataset\wav48_silence_trimmed\p302\p302_057_mic1.flac
p302,HELD_OUT,89,F:\VCTK Dataset\wav48_silence_trimmed\p302\p302_089_mic1.flac
p302,HELD_OUT,122,F:\VCTK Dataset\wav48_silence_trimmed\p302\p302_122_mic1.flac
p302,HELD_OUT,154,F:\VCTK Dataset\wav48_silence_trimmed\p302\p302_154_mic1.flac
p302,HELD_OUT,186,F:\VCTK Dataset\wav48_silence_trimmed\p302\p302_186_mic1.flac
p302,HELD_OUT,218,F:\VCTK Dataset\wav48_silence_trimmed\p302\p302_218_mic1.flac
p302,HELD_OUT,250,F:\VCTK Dataset\wav48_silence_trimmed\p302\p302_250_mic1.flac
p302,HELD_OUT,284,F:\VCTK Dataset\wav48_silence_trimmed\p302\p302_284_mic1.flac
p302,HELD_OUT,316,F:\VCTK Dataset\wav48_silence_trimmed\p302\p302_316_mic1.flac
p303,POOL,25,F:\VCTK Dataset\wav48_silence_trimmed\p303\p303_025_mic1.flac
p303,POOL,61,F:\VCTK Dataset\wav48_silence_trimmed\p303\p303_061_mic1.flac
p303,POOL,98,F:\VCTK Dataset\wav48_silence_trimmed\p303\p303_098_mic1.flac
p303,POOL,134,F:\VCTK Dataset\wav48_silence_trimmed\p303\p303_134_mic1.flac
p303,POOL,170,F:\VCTK Dataset\wav48_silence_trimmed\p303\p303_170_mic1.flac
p303,POOL,207,F:\VCTK Dataset\wav48_silence_trimmed\p303\p303_207_mic1.flac
p303,POOL,243,F:\VCTK Dataset\wav48_silence_trimmed\p303\p303_243_mic1.flac
p303,POOL,279,F:\VCTK Dataset\wav48_silence_trimmed\p303\p303_279_mic1.flac
p303,POOL,317,F:\VCTK Dataset\wav48_silence_trimmed\p303\p303_317_mic1.flac
p303,POOL,353,F:\VCTK Dataset\wav48_silence_trimmed\p303\p303_353_mic1.flac
p304,POOL,25,F:\VCTK Dataset\wav48_silence_trimmed\p304\p304_025_mic1.flac
p304,POOL,69,F:\VCTK Dataset\wav48_silence_trimmed\p304\p304_069_mic1.flac
p304,POOL,113,F:\VCTK Dataset\wav48_silence_trimmed\p304\p304_113_mic1.flac
p304,POOL,158,F:\VCTK Dataset\wav48_silence_trimmed\p304\p304_158_mic1.flac
p304,POOL,203,F:\VCTK Dataset\wav48_silence_trimmed\p304\p304_203_mic1.flac
p304,POOL,247,F:\VCTK Dataset\wav48_silence_trimmed\p304\p304_247_mic1.flac
p304,POOL,291,F:\VCTK Dataset\wav48_silence_trimmed\p304\p304_291_mic1.flac
p304,POOL,336,F:\VCTK Dataset\wav48_silence_trimmed\p304\p304_336_mic1.flac
p304,POOL,380,F:\VCTK Dataset\wav48_silence_trimmed\p304\p304_380_mic1.flac
p304,POOL,424,F:\VCTK Dataset\wav48_silence_trimmed\p304\p304_424_mic1.flac
p305,POOL,25,F:\VCTK Dataset\wav48_silence_trimmed\p305\p305_025_mic1.flac
p305,POOL,69,F:\VCTK Dataset\wav48_silence_trimmed\p305\p305_069_mic1.flac
p305,POOL,113,F:\VCTK Dataset\wav48_silence_trimmed\p305\p305_113_mic1.flac
p305,POOL,157,F:\VCTK Dataset\wav48_silence_trimmed\p305\p305_157_mic1.flac
p305,POOL,201,F:\VCTK Dataset\wav48_silence_trimmed\p305\p305_201_mic1.flac
p305,POOL,246,F:\VCTK Dataset\wav48_silence_trimmed\p305\p305_246_mic1.flac
p305,POOL,290,F:\VCTK Dataset\wav48_silence_trimmed\p305\p305_290_mic1.flac
p305,POOL,334,F:\VCTK Dataset\wav48_silence_trimmed\p305\p305_334_mic1.flac
p305,POOL,378,F:\VCTK Dataset\wav48_silence_trimmed\p305\p305_378_mic1.flac
p305,POOL,422,F:\VCTK Dataset\wav48_silence_trimmed\p305\p305_422_mic1.flac
p306,POOL,25,F:\VCTK Dataset\wav48_silence_trimmed\p306\p306_025_mic1.flac
p306,POOL,60,F:\VCTK Dataset\wav48_silence_trimmed\p306\p306_060_mic1.flac
p306,POOL,96,F:\VCTK Dataset\wav48_silence_trimmed\p306\p306_096_mic1.flac
p306,POOL,133,F:\VCTK Dataset\wav48_silence_trimmed\p306\p306_133_mic1.flac
p306,POOL,175,F:\VCTK Dataset\wav48_silence_trimmed\p306\p306_175_mic1.flac
p306,POOL,212,F:\VCTK Dataset\wav48_silence_trimmed\p306\p306_212_mic1.flac
p306,POOL,248,F:\VCTK Dataset\wav48_silence_trimmed\p306\p306_248_mic1.flac
p306,POOL,286,F:\VCTK Dataset\wav48_silence_trimmed\p306\p306_286_mic1.flac
p306,POOL,322,F:\VCTK Dataset\wav48_silence_trimmed\p306\p306_322_mic1.flac
p306,POOL,360,F:\VCTK Dataset\wav48_silence_trimmed\p306\p306_360_mic1.flac
p307,POOL,25,F:\VCTK Dataset\wav48_silence_trimmed\p307\p307_025_mic1.flac
p307,POOL,69,F:\VCTK Dataset\wav48_silence_trimmed\p307\p307_069_mic1.flac
p307,POOL,113,F:\VCTK Dataset\wav48_silence_trimmed\p307\p307_113_mic1.flac
p307,POOL,157,F:\VCTK Dataset\wav48_silence_trimmed\p307\p307_157_mic1.flac
p307,POOL,201,F:\VCTK Dataset\wav48_silence_trimmed\p307\p307_201_mic1.flac
p307,POOL,245,F:\VCTK Dataset\wav48_silence_trimmed\p307\p307_245_mic1.flac
p307,POOL,289,F:\VCTK Dataset\wav48_silence_trimmed\p307\p307_289_mic1.flac
p307,POOL,333,F:\VCTK Dataset\wav48_silence_trimmed\p307\p307_333_mic1.flac
p307,POOL,377,F:\VCTK Dataset\wav48_silence_trimmed\p307\p307_377_mic1.flac
p307,POOL,424,F:\VCTK Dataset\wav48_silence_trimmed\p307\p307_424_mic1.flac
p308,POOL,25,F:\VCTK Dataset\wav48_silence_trimmed\p308\p308_025_mic1.flac
p308,POOL,69,F:\VCTK Dataset\wav48_silence_trimmed\p308\p308_069_mic1.flac
p308,POOL,113,F:\VCTK Dataset\wav48_silence_trimmed\p308\p308_113_mic1.flac
p308,POOL,158,F:\VCTK Dataset\wav48_silence_trimmed\p308\p308_158_mic1.flac
p308,POOL,202,F:\VCTK Dataset\wav48_silence_trimmed\p308\p308_202_mic1.flac
p308,POOL,246,F:\VCTK Dataset\wav48_silence_trimmed\p308\p308_246_mic1.flac
p308,POOL,290,F:\VCTK Dataset\wav48_silence_trimmed\p308\p308_290_mic1.flac
p308,POOL,335,F:\VCTK Dataset\wav48_silence_trimmed\p308\p308_335_mic1.flac
p308,POOL,379,F:\VCTK Dataset\wav48_silence_trimmed\p308\p308_379_mic1.flac
p308,POOL,423,F:\VCTK Dataset\wav48_silence_trimmed\p308\p308_423_mic1.flac
p310,POOL,25,F:\VCTK Dataset\wav48_silence_trimmed\p310\p310_025_mic1.flac
p310,POOL,69,F:\VCTK Dataset\wav48_silence_trimmed\p310\p310_069_mic1.flac
p310,POOL,113,F:\VCTK Dataset\wav48_silence_trimmed\p310\p310_113_mic1.flac
p310,POOL,158,F:\VCTK Dataset\wav48_silence_trimmed\p310\p310_158_mic1.flac
p310,POOL,203,F:\VCTK Dataset\wav48_silence_trimmed\p310\p310_203_mic1.flac
p310,POOL,247,F:\VCTK Dataset\wav48_silence_trimmed\p310\p310_247_mic1.flac
p310,POOL,291,F:\VCTK Dataset\wav48_silence_trimmed\p310\p310_291_mic1.flac
p310,POOL,336,F:\VCTK Dataset\wav48_silence_trimmed\p310\p310_336_mic1.flac
p310,POOL,380,F:\VCTK Dataset\wav48_silence_trimmed\p310\p310_380_mic1.flac
p310,POOL,424,F:\VCTK Dataset\wav48_silence_trimmed\p310\p310_424_mic1.flac
p311,HELD_OUT,25,F:\VCTK Dataset\wav48_silence_trimmed\p311\p311_025_mic1.flac
p311,HELD_OUT,69,F:\VCTK Dataset\wav48_silence_trimmed\p311\p311_069_mic1.flac
p311,HELD_OUT,113,F:\VCTK Dataset\wav48_silence_trimmed\p311\p311_113_mic1.flac
p311,HELD_OUT,158,F:\VCTK Dataset\wav48_silence_trimmed\p311\p311_158_mic1.flac
p311,HELD_OUT,202,F:\VCTK Dataset\wav48_silence_trimmed\p311\p311_202_mic1.flac
p311,HELD_OUT,246,F:\VCTK Dataset\wav48_silence_trimmed\p311\p311_246_mic1.flac
p311,HELD_OUT,290,F:\VCTK Dataset\wav48_silence_trimmed\p311\p311_290_mic1.flac
p311,HELD_OUT,335,F:\VCTK Dataset\wav48_silence_trimmed\p311\p311_335_mic1.flac
p311,HELD_OUT,379,F:\VCTK Dataset\wav48_silence_trimmed\p311\p311_379_mic1.flac
p311,HELD_OUT,423,F:\VCTK Dataset\wav48_silence_trimmed\p311\p311_423_mic1.flac
p312,POOL,25,F:\VCTK Dataset\wav48_silence_trimmed\p312\p312_025_mic1.flac
p312,POOL,68,F:\VCTK Dataset\wav48_silence_trimmed\p312\p312_068_mic1.flac
p312,POOL,112,F:\VCTK Dataset\wav48_silence_trimmed\p312\p312_112_mic1.flac
p312,POOL,156,F:\VCTK Dataset\wav48_silence_trimmed\p312\p312_156_mic1.flac
p312,POOL,200,F:\VCTK Dataset\wav48_silence_trimmed\p312\p312_200_mic1.flac
p312,POOL,243,F:\VCTK Dataset\wav48_silence_trimmed\p312\p312_243_mic1.flac
p312,POOL,287,F:\VCTK Dataset\wav48_silence_trimmed\p312\p312_287_mic1.flac
p312,POOL,331,F:\VCTK Dataset\wav48_silence_trimmed\p312\p312_331_mic1.flac
p312,POOL,376,F:\VCTK Dataset\wav48_silence_trimmed\p312\p312_376_mic1.flac
p312,POOL,419,F:\VCTK Dataset\wav48_silence_trimmed\p312\p312_419_mic1.flac
p313,POOL,25,F:\VCTK Dataset\wav48_silence_trimmed\p313\p313_025_mic1.flac
p313,POOL,69,F:\VCTK Dataset\wav48_silence_trimmed\p313\p313_069_mic1.flac
p313,POOL,113,F:\VCTK Dataset\wav48_silence_trimmed\p313\p313_113_mic1.flac
p313,POOL,157,F:\VCTK Dataset\wav48_silence_trimmed\p313\p313_157_mic1.flac
p313,POOL,201,F:\VCTK Dataset\wav48_silence_trimmed\p313\p313_201_mic1.flac
p313,POOL,245,F:\VCTK Dataset\wav48_silence_trimmed\p313\p313_245_mic1.flac
p313,POOL,289,F:\VCTK Dataset\wav48_silence_trimmed\p313\p313_289_mic1.flac
p313,POOL,333,F:\VCTK Dataset\wav48_silence_trimmed\p313\p313_333_mic1.flac
p313,POOL,379,F:\VCTK Dataset\wav48_silence_trimmed\p313\p313_379_mic1.flac
p313,POOL,423,F:\VCTK Dataset\wav48_silence_trimmed\p313\p313_423_mic1.flac
p314,HELD_OUT,25,F:\VCTK Dataset\wav48_silence_trimmed\p314\p314_025_mic1.flac
p314,HELD_OUT,69,F:\VCTK Dataset\wav48_silence_trimmed\p314\p314_069_mic1.flac
p314,HELD_OUT,113,F:\VCTK Dataset\wav48_silence_trimmed\p314\p314_113_mic1.flac
p314,HELD_OUT,158,F:\VCTK Dataset\wav48_silence_trimmed\p314\p314_158_mic1.flac
p314,HELD_OUT,202,F:\VCTK Dataset\wav48_silence_trimmed\p314\p314_202_mic1.flac
p314,HELD_OUT,246,F:\VCTK Dataset\wav48_silence_trimmed\p314\p314_246_mic1.flac
p314,HELD_OUT,290,F:\VCTK Dataset\wav48_silence_trimmed\p314\p314_290_mic1.flac
p314,HELD_OUT,335,F:\VCTK Dataset\wav48_silence_trimmed\p314\p314_335_mic1.flac
p314,HELD_OUT,379,F:\VCTK Dataset\wav48_silence_trimmed\p314\p314_379_mic1.flac
p314,HELD_OUT,423,F:\VCTK Dataset\wav48_silence_trimmed\p314\p314_423_mic1.flac
p316,POOL,25,F:\VCTK Dataset\wav48_silence_trimmed\p316\p316_025_mic1.flac
p316,POOL,69,F:\VCTK Dataset\wav48_silence_trimmed\p316\p316_069_mic1.flac
p316,POOL,113,F:\VCTK Dataset\wav48_silence_trimmed\p316\p316_113_mic1.flac
p316,POOL,157,F:\VCTK Dataset\wav48_silence_trimmed\p316\p316_157_mic1.flac
p316,POOL,201,F:\VCTK Dataset\wav48_silence_trimmed\p316\p316_201_mic1.flac
p316,POOL,247,F:\VCTK Dataset\wav48_silence_trimmed\p316\p316_247_mic1.flac
p316,POOL,291,F:\VCTK Dataset\wav48_silence_trimmed\p316\p316_291_mic1.flac
p316,POOL,335,F:\VCTK Dataset\wav48_silence_trimmed\p316\p316_335_mic1.flac
p316,POOL,379,F:\VCTK Dataset\wav48_silence_trimmed\p316\p316_379_mic1.flac
p316,POOL,423,F:\VCTK Dataset\wav48_silence_trimmed\p316\p316_423_mic1.flac
p317,POOL,25,F:\VCTK Dataset\wav48_silence_trimmed\p317\p317_025_mic1.flac
p317,POOL,69,F:\VCTK Dataset\wav48_silence_trimmed\p317\p317_069_mic1.flac
p317,POOL,113,F:\VCTK Dataset\wav48_silence_trimmed\p317\p317_113_mic1.flac
p317,POOL,158,F:\VCTK Dataset\wav48_silence_trimmed\p317\p317_158_mic1.flac
p317,POOL,202,F:\VCTK Dataset\wav48_silence_trimmed\p317\p317_202_mic1.flac
p317,POOL,246,F:\VCTK Dataset\wav48_silence_trimmed\p317\p317_246_mic1.flac
p317,POOL,290,F:\VCTK Dataset\wav48_silence_trimmed\p317\p317_290_mic1.flac
p317,POOL,335,F:\VCTK Dataset\wav48_silence_trimmed\p317\p317_335_mic1.flac
p317,POOL,379,F:\VCTK Dataset\wav48_silence_trimmed\p317\p317_379_mic1.flac
p317,POOL,423,F:\VCTK Dataset\wav48_silence_trimmed\p317\p317_423_mic1.flac
p318,POOL,25,F:\VCTK Dataset\wav48_silence_trimmed\p318\p318_025_mic1.flac
p318,POOL,69,F:\VCTK Dataset\wav48_silence_trimmed\p318\p318_069_mic1.flac
p318,POOL,114,F:\VCTK Dataset\wav48_silence_trimmed\p318\p318_114_mic1.flac
p318,POOL,158,F:\VCTK Dataset\wav48_silence_trimmed\p318\p318_158_mic1.flac
p318,POOL,202,F:\VCTK Dataset\wav48_silence_trimmed\p318\p318_202_mic1.flac
p318,POOL,247,F:\VCTK Dataset\wav48_silence_trimmed\p318\p318_247_mic1.flac
p318,POOL,291,F:\VCTK Dataset\wav48_silence_trimmed\p318\p318_291_mic1.flac
p318,POOL,335,F:\VCTK Dataset\wav48_silence_trimmed\p318\p318_335_mic1.flac
p318,POOL,380,F:\VCTK Dataset\wav48_silence_trimmed\p318\p318_380_mic1.flac
p318,POOL,424,F:\VCTK Dataset\wav48_silence_trimmed\p318\p318_424_mic1.flac
p323,POOL,25,F:\VCTK Dataset\wav48_silence_trimmed\p323\p323_025_mic1.flac
p323,POOL,69,F:\VCTK Dataset\wav48_silence_trimmed\p323\p323_069_mic1.flac
p323,POOL,113,F:\VCTK Dataset\wav48_silence_trimmed\p323\p323_113_mic1.flac
p323,POOL,158,F:\VCTK Dataset\wav48_silence_trimmed\p323\p323_158_mic1.flac
p323,POOL,202,F:\VCTK Dataset\wav48_silence_trimmed\p323\p323_202_mic1.flac
p323,POOL,246,F:\VCTK Dataset\wav48_silence_trimmed\p323\p323_246_mic1.flac
p323,POOL,290,F:\VCTK Dataset\wav48_silence_trimmed\p323\p323_290_mic1.flac
p323,POOL,335,F:\VCTK Dataset\wav48_silence_trimmed\p323\p323_335_mic1.flac
p323,POOL,379,F:\VCTK Dataset\wav48_silence_trimmed\p323\p323_379_mic1.flac
p323,POOL,423,F:\VCTK Dataset\wav48_silence_trimmed\p323\p323_423_mic1.flac
p326,HELD_OUT,25,F:\VCTK Dataset\wav48_silence_trimmed\p326\p326_025_mic1.flac
p326,HELD_OUT,66,F:\VCTK Dataset\wav48_silence_trimmed\p326\p326_066_mic1.flac
p326,HELD_OUT,108,F:\VCTK Dataset\wav48_silence_trimmed\p326\p326_108_mic1.flac
p326,HELD_OUT,150,F:\VCTK Dataset\wav48_silence_trimmed\p326\p326_150_mic1.flac
p326,HELD_OUT,191,F:\VCTK Dataset\wav48_silence_trimmed\p326\p326_191_mic1.flac
p326,HELD_OUT,233,F:\VCTK Dataset\wav48_silence_trimmed\p326\p326_233_mic1.flac
p326,HELD_OUT,274,F:\VCTK Dataset\wav48_silence_trimmed\p326\p326_274_mic1.flac
p326,HELD_OUT,316,F:\VCTK Dataset\wav48_silence_trimmed\p326\p326_316_mic1.flac
p326,HELD_OUT,358,F:\VCTK Dataset\wav48_silence_trimmed\p326\p326_358_mic1.flac
p326,HELD_OUT,400,F:\VCTK Dataset\wav48_silence_trimmed\p326\p326_400_mic1.flac
p329,POOL,25,F:\VCTK Dataset\wav48_silence_trimmed\p329\p329_025_mic1.flac
p329,POOL,69,F:\VCTK Dataset\wav48_silence_trimmed\p329\p329_069_mic1.flac
p329,POOL,114,F:\VCTK Dataset\wav48_silence_trimmed\p329\p329_114_mic1.flac
p329,POOL,158,F:\VCTK Dataset\wav48_silence_trimmed\p329\p329_158_mic1.flac
p329,POOL,202,F:\VCTK Dataset\wav48_silence_trimmed\p329\p329_202_mic1.flac
p329,POOL,247,F:\VCTK Dataset\wav48_silence_trimmed\p329\p329_247_mic1.flac
p329,POOL,291,F:\VCTK Dataset\wav48_silence_trimmed\p329\p329_291_mic1.flac
p329,POOL,335,F:\VCTK Dataset\wav48_silence_trimmed\p329\p329_335_mic1.flac
p329,POOL,380,F:\VCTK Dataset\wav48_silence_trimmed\p329\p329_380_mic1.flac
p329,POOL,424,F:\VCTK Dataset\wav48_silence_trimmed\p329\p329_424_mic1.flac
p330,POOL,25,F:\VCTK Dataset\wav48_silence_trimmed\p330\p330_025_mic1.flac
p330,POOL,69,F:\VCTK Dataset\wav48_silence_trimmed\p330\p330_069_mic1.flac
p330,POOL,113,F:\VCTK Dataset\wav48_silence_trimmed\p330\p330_113_mic1.flac
p330,POOL,158,F:\VCTK Dataset\wav48_silence_trimmed\p330\p330_158_mic1.flac
p330,POOL,202,F:\VCTK Dataset\wav48_silence_trimmed\p330\p330_202_mic1.flac
p330,POOL,246,F:\VCTK Dataset\wav48_silence_trimmed\p330\p330_246_mic1.flac
p330,POOL,290,F:\VCTK Dataset\wav48_silence_trimmed\p330\p330_290_mic1.flac
p330,POOL,335,F:\VCTK Dataset\wav48_silence_trimmed\p330\p330_335_mic1.flac
p330,POOL,379,F:\VCTK Dataset\wav48_silence_trimmed\p330\p330_379_mic1.flac
p330,POOL,423,F:\VCTK Dataset\wav48_silence_trimmed\p330\p330_423_mic1.flac
p333,POOL,25,F:\VCTK Dataset\wav48_silence_trimmed\p333\p333_025_mic1.flac
p333,POOL,70,F:\VCTK Dataset\wav48_silence_trimmed\p333\p333_070_mic1.flac
p333,POOL,114,F:\VCTK Dataset\wav48_silence_trimmed\p333\p333_114_mic1.flac
p333,POOL,158,F:\VCTK Dataset\wav48_silence_trimmed\p333\p333_158_mic1.flac
p333,POOL,202,F:\VCTK Dataset\wav48_silence_trimmed\p333\p333_202_mic1.flac
p333,POOL,247,F:\VCTK Dataset\wav48_silence_trimmed\p333\p333_247_mic1.flac
p333,POOL,291,F:\VCTK Dataset\wav48_silence_trimmed\p333\p333_291_mic1.flac
p333,POOL,336,F:\VCTK Dataset\wav48_silence_trimmed\p333\p333_336_mic1.flac
p333,POOL,380,F:\VCTK Dataset\wav48_silence_trimmed\p333\p333_380_mic1.flac
p333,POOL,424,F:\VCTK Dataset\wav48_silence_trimmed\p333\p333_424_mic1.flac
p334,POOL,25,F:\VCTK Dataset\wav48_silence_trimmed\p334\p334_025_mic1.flac
p334,POOL,69,F:\VCTK Dataset\wav48_silence_trimmed\p334\p334_069_mic1.flac
p334,POOL,113,F:\VCTK Dataset\wav48_silence_trimmed\p334\p334_113_mic1.flac
p334,POOL,159,F:\VCTK Dataset\wav48_silence_trimmed\p334\p334_159_mic1.flac
p334,POOL,203,F:\VCTK Dataset\wav48_silence_trimmed\p334\p334_203_mic1.flac
p334,POOL,247,F:\VCTK Dataset\wav48_silence_trimmed\p334\p334_247_mic1.flac
p334,POOL,291,F:\VCTK Dataset\wav48_silence_trimmed\p334\p334_291_mic1.flac
p334,POOL,336,F:\VCTK Dataset\wav48_silence_trimmed\p334\p334_336_mic1.flac
p334,POOL,380,F:\VCTK Dataset\wav48_silence_trimmed\p334\p334_380_mic1.flac
p334,POOL,424,F:\VCTK Dataset\wav48_silence_trimmed\p334\p334_424_mic1.flac
p335,HELD_OUT,25,F:\VCTK Dataset\wav48_silence_trimmed\p335\p335_025_mic1.flac
p335,HELD_OUT,69,F:\VCTK Dataset\wav48_silence_trimmed\p335\p335_069_mic1.flac
p335,HELD_OUT,113,F:\VCTK Dataset\wav48_silence_trimmed\p335\p335_113_mic1.flac
p335,HELD_OUT,158,F:\VCTK Dataset\wav48_silence_trimmed\p335\p335_158_mic1.flac
p335,HELD_OUT,202,F:\VCTK Dataset\wav48_silence_trimmed\p335\p335_202_mic1.flac
p335,HELD_OUT,246,F:\VCTK Dataset\wav48_silence_trimmed\p335\p335_246_mic1.flac
p335,HELD_OUT,290,F:\VCTK Dataset\wav48_silence_trimmed\p335\p335_290_mic1.flac
p335,HELD_OUT,335,F:\VCTK Dataset\wav48_silence_trimmed\p335\p335_335_mic1.flac
p335,HELD_OUT,379,F:\VCTK Dataset\wav48_silence_trimmed\p335\p335_379_mic1.flac
p335,HELD_OUT,423,F:\VCTK Dataset\wav48_silence_trimmed\p335\p335_423_mic1.flac
p336,POOL,25,F:\VCTK Dataset\wav48_silence_trimmed\p336\p336_025_mic1.flac
p336,POOL,68,F:\VCTK Dataset\wav48_silence_trimmed\p336\p336_068_mic1.flac
p336,POOL,112,F:\VCTK Dataset\wav48_silence_trimmed\p336\p336_112_mic1.flac
p336,POOL,156,F:\VCTK Dataset\wav48_silence_trimmed\p336\p336_156_mic1.flac
p336,POOL,200,F:\VCTK Dataset\wav48_silence_trimmed\p336\p336_200_mic1.flac
p336,POOL,244,F:\VCTK Dataset\wav48_silence_trimmed\p336\p336_244_mic1.flac
p336,POOL,288,F:\VCTK Dataset\wav48_silence_trimmed\p336\p336_288_mic1.flac
p336,POOL,333,F:\VCTK Dataset\wav48_silence_trimmed\p336\p336_333_mic1.flac
p336,POOL,380,F:\VCTK Dataset\wav48_silence_trimmed\p336\p336_380_mic1.flac
p336,POOL,424,F:\VCTK Dataset\wav48_silence_trimmed\p336\p336_424_mic1.flac
p339,POOL,25,F:\VCTK Dataset\wav48_silence_trimmed\p339\p339_025_mic1.flac
p339,POOL,69,F:\VCTK Dataset\wav48_silence_trimmed\p339\p339_069_mic1.flac
p339,POOL,114,F:\VCTK Dataset\wav48_silence_trimmed\p339\p339_114_mic1.flac
p339,POOL,159,F:\VCTK Dataset\wav48_silence_trimmed\p339\p339_159_mic1.flac
p339,POOL,203,F:\VCTK Dataset\wav48_silence_trimmed\p339\p339_203_mic1.flac
p339,POOL,247,F:\VCTK Dataset\wav48_silence_trimmed\p339\p339_247_mic1.flac
p339,POOL,291,F:\VCTK Dataset\wav48_silence_trimmed\p339\p339_291_mic1.flac
p339,POOL,336,F:\VCTK Dataset\wav48_silence_trimmed\p339\p339_336_mic1.flac
p339,POOL,380,F:\VCTK Dataset\wav48_silence_trimmed\p339\p339_380_mic1.flac
p339,POOL,424,F:\VCTK Dataset\wav48_silence_trimmed\p339\p339_424_mic1.flac
p340,POOL,25,F:\VCTK Dataset\wav48_silence_trimmed\p340\p340_025_mic1.flac
p340,POOL,69,F:\VCTK Dataset\wav48_silence_trimmed\p340\p340_069_mic1.flac
p340,POOL,114,F:\VCTK Dataset\wav48_silence_trimmed\p340\p340_114_mic1.flac
p340,POOL,158,F:\VCTK Dataset\wav48_silence_trimmed\p340\p340_158_mic1.flac
p340,POOL,202,F:\VCTK Dataset\wav48_silence_trimmed\p340\p340_202_mic1.flac
p340,POOL,247,F:\VCTK Dataset\wav48_silence_trimmed\p340\p340_247_mic1.flac
p340,POOL,291,F:\VCTK Dataset\wav48_silence_trimmed\p340\p340_291_mic1.flac
p340,POOL,335,F:\VCTK Dataset\wav48_silence_trimmed\p340\p340_335_mic1.flac
p340,POOL,380,F:\VCTK Dataset\wav48_silence_trimmed\p340\p340_380_mic1.flac
p340,POOL,424,F:\VCTK Dataset\wav48_silence_trimmed\p340\p340_424_mic1.flac
p341,POOL,25,F:\VCTK Dataset\wav48_silence_trimmed\p341\p341_025_mic1.flac
p341,POOL,67,F:\VCTK Dataset\wav48_silence_trimmed\p341\p341_067_mic1.flac
p341,POOL,110,F:\VCTK Dataset\wav48_silence_trimmed\p341\p341_110_mic1.flac
p341,POOL,153,F:\VCTK Dataset\wav48_silence_trimmed\p341\p341_153_mic1.flac
p341,POOL,196,F:\VCTK Dataset\wav48_silence_trimmed\p341\p341_196_mic1.flac
p341,POOL,239,F:\VCTK Dataset\wav48_silence_trimmed\p341\p341_239_mic1.flac
p341,POOL,282,F:\VCTK Dataset\wav48_silence_trimmed\p341\p341_282_mic1.flac
p341,POOL,325,F:\VCTK Dataset\wav48_silence_trimmed\p341\p341_325_mic1.flac
p341,POOL,368,F:\VCTK Dataset\wav48_silence_trimmed\p341\p341_368_mic1.flac
p341,POOL,410,F:\VCTK Dataset\wav48_silence_trimmed\p341\p341_410_mic1.flac
p343,POOL,25,F:\VCTK Dataset\wav48_silence_trimmed\p343\p343_025_mic1.flac
p343,POOL,65,F:\VCTK Dataset\wav48_silence_trimmed\p343\p343_065_mic1.flac
p343,POOL,106,F:\VCTK Dataset\wav48_silence_trimmed\p343\p343_106_mic1.flac
p343,POOL,148,F:\VCTK Dataset\wav48_silence_trimmed\p343\p343_148_mic1.flac
p343,POOL,189,F:\VCTK Dataset\wav48_silence_trimmed\p343\p343_189_mic1.flac
p343,POOL,232,F:\VCTK Dataset\wav48_silence_trimmed\p343\p343_232_mic1.flac
p343,POOL,273,F:\VCTK Dataset\wav48_silence_trimmed\p343\p343_273_mic1.flac
p343,POOL,315,F:\VCTK Dataset\wav48_silence_trimmed\p343\p343_315_mic1.flac
p343,POOL,358,F:\VCTK Dataset\wav48_silence_trimmed\p343\p343_358_mic1.flac
p343,POOL,400,F:\VCTK Dataset\wav48_silence_trimmed\p343\p343_400_mic1.flac
p345,HELD_OUT,25,F:\VCTK Dataset\wav48_silence_trimmed\p345\p345_025_mic1.flac
p345,HELD_OUT,66,F:\VCTK Dataset\wav48_silence_trimmed\p345\p345_066_mic1.flac
p345,HELD_OUT,108,F:\VCTK Dataset\wav48_silence_trimmed\p345\p345_108_mic1.flac
p345,HELD_OUT,149,F:\VCTK Dataset\wav48_silence_trimmed\p345\p345_149_mic1.flac
p345,HELD_OUT,190,F:\VCTK Dataset\wav48_silence_trimmed\p345\p345_190_mic1.flac
p345,HELD_OUT,232,F:\VCTK Dataset\wav48_silence_trimmed\p345\p345_232_mic1.flac
p345,HELD_OUT,274,F:\VCTK Dataset\wav48_silence_trimmed\p345\p345_274_mic1.flac
p345,HELD_OUT,315,F:\VCTK Dataset\wav48_silence_trimmed\p345\p345_315_mic1.flac
p345,HELD_OUT,357,F:\VCTK Dataset\wav48_silence_trimmed\p345\p345_357_mic1.flac
p345,HELD_OUT,400,F:\VCTK Dataset\wav48_silence_trimmed\p345\p345_400_mic1.flac
p347,POOL,25,F:\VCTK Dataset\wav48_silence_trimmed\p347\p347_025_mic1.flac
p347,POOL,70,F:\VCTK Dataset\wav48_silence_trimmed\p347\p347_070_mic1.flac
p347,POOL,114,F:\VCTK Dataset\wav48_silence_trimmed\p347\p347_114_mic1.flac
p347,POOL,159,F:\VCTK Dataset\wav48_silence_trimmed\p347\p347_159_mic1.flac
p347,POOL,203,F:\VCTK Dataset\wav48_silence_trimmed\p347\p347_203_mic1.flac
p347,POOL,247,F:\VCTK Dataset\wav48_silence_trimmed\p347\p347_247_mic1.flac
p347,POOL,291,F:\VCTK Dataset\wav48_silence_trimmed\p347\p347_291_mic1.flac
p347,POOL,336,F:\VCTK Dataset\wav48_silence_trimmed\p347\p347_336_mic1.flac
p347,POOL,380,F:\VCTK Dataset\wav48_silence_trimmed\p347\p347_380_mic1.flac
p347,POOL,424,F:\VCTK Dataset\wav48_silence_trimmed\p347\p347_424_mic1.flac
p351,HELD_OUT,25,F:\VCTK Dataset\wav48_silence_trimmed\p351\p351_025_mic1.flac
p351,HELD_OUT,69,F:\VCTK Dataset\wav48_silence_trimmed\p351\p351_069_mic1.flac
p351,HELD_OUT,114,F:\VCTK Dataset\wav48_silence_trimmed\p351\p351_114_mic1.flac
p351,HELD_OUT,158,F:\VCTK Dataset\wav48_silence_trimmed\p351\p351_158_mic1.flac
p351,HELD_OUT,202,F:\VCTK Dataset\wav48_silence_trimmed\p351\p351_202_mic1.flac
p351,HELD_OUT,247,F:\VCTK Dataset\wav48_silence_trimmed\p351\p351_247_mic1.flac
p351,HELD_OUT,291,F:\VCTK Dataset\wav48_silence_trimmed\p351\p351_291_mic1.flac
p351,HELD_OUT,335,F:\VCTK Dataset\wav48_silence_trimmed\p351\p351_335_mic1.flac
p351,HELD_OUT,380,F:\VCTK Dataset\wav48_silence_trimmed\p351\p351_380_mic1.flac
p351,HELD_OUT,424,F:\VCTK Dataset\wav48_silence_trimmed\p351\p351_424_mic1.flac
p360,POOL,25,F:\VCTK Dataset\wav48_silence_trimmed\p360\p360_025_mic1.flac
p360,POOL,69,F:\VCTK Dataset\wav48_silence_trimmed\p360\p360_069_mic1.flac
p360,POOL,114,F:\VCTK Dataset\wav48_silence_trimmed\p360\p360_114_mic1.flac
p360,POOL,158,F:\VCTK Dataset\wav48_silence_trimmed\p360\p360_158_mic1.flac
p360,POOL,202,F:\VCTK Dataset\wav48_silence_trimmed\p360\p360_202_mic1.flac
p360,POOL,247,F:\VCTK Dataset\wav48_silence_trimmed\p360\p360_247_mic1.flac
p360,POOL,291,F:\VCTK Dataset\wav48_silence_trimmed\p360\p360_291_mic1.flac
p360,POOL,335,F:\VCTK Dataset\wav48_silence_trimmed\p360\p360_335_mic1.flac
p360,POOL,380,F:\VCTK Dataset\wav48_silence_trimmed\p360\p360_380_mic1.flac
p360,POOL,424,F:\VCTK Dataset\wav48_silence_trimmed\p360\p360_424_mic1.flac
p361,POOL,25,F:\VCTK Dataset\wav48_silence_trimmed\p361\p361_025_mic1.flac
p361,POOL,69,F:\VCTK Dataset\wav48_silence_trimmed\p361\p361_069_mic1.flac
p361,POOL,114,F:\VCTK Dataset\wav48_silence_trimmed\p361\p361_114_mic1.flac
p361,POOL,158,F:\VCTK Dataset\wav48_silence_trimmed\p361\p361_158_mic1.flac
p361,POOL,202,F:\VCTK Dataset\wav48_silence_trimmed\p361\p361_202_mic1.flac
p361,POOL,247,F:\VCTK Dataset\wav48_silence_trimmed\p361\p361_247_mic1.flac
p361,POOL,291,F:\VCTK Dataset\wav48_silence_trimmed\p361\p361_291_mic1.flac
p361,POOL,335,F:\VCTK Dataset\wav48_silence_trimmed\p361\p361_335_mic1.flac
p361,POOL,380,F:\VCTK Dataset\wav48_silence_trimmed\p361\p361_380_mic1.flac
p361,POOL,424,F:\VCTK Dataset\wav48_silence_trimmed\p361\p361_424_mic1.flac
p362,POOL,27,F:\VCTK Dataset\wav48_silence_trimmed\p362\p362_027_mic1.flac
p362,POOL,65,F:\VCTK Dataset\wav48_silence_trimmed\p362\p362_065_mic1.flac
p362,POOL,108,F:\VCTK Dataset\wav48_silence_trimmed\p362\p362_108_mic1.flac
p362,POOL,125,F:\VCTK Dataset\wav48_silence_trimmed\p362\p362_125_mic1.flac
p362,POOL,168,F:\VCTK Dataset\wav48_silence_trimmed\p362\p362_168_mic1.flac
p362,POOL,212,F:\VCTK Dataset\wav48_silence_trimmed\p362\p362_212_mic1.flac
p362,POOL,275,F:\VCTK Dataset\wav48_silence_trimmed\p362\p362_275_mic1.flac
p362,POOL,321,F:\VCTK Dataset\wav48_silence_trimmed\p362\p362_321_mic1.flac
p362,POOL,369,F:\VCTK Dataset\wav48_silence_trimmed\p362\p362_369_mic1.flac
p362,POOL,418,F:\VCTK Dataset\wav48_silence_trimmed\p362\p362_418_mic1.flac
p363,POOL,25,F:\VCTK Dataset\wav48_silence_trimmed\p363\p363_025_mic1.flac
p363,POOL,69,F:\VCTK Dataset\wav48_silence_trimmed\p363\p363_069_mic1.flac
p363,POOL,112,F:\VCTK Dataset\wav48_silence_trimmed\p363\p363_112_mic1.flac
p363,POOL,156,F:\VCTK Dataset\wav48_silence_trimmed\p363\p363_156_mic1.flac
p363,POOL,200,F:\VCTK Dataset\wav48_silence_trimmed\p363\p363_200_mic1.flac
p363,POOL,244,F:\VCTK Dataset\wav48_silence_trimmed\p363\p363_244_mic1.flac
p363,POOL,289,F:\VCTK Dataset\wav48_silence_trimmed\p363\p363_289_mic1.flac
p363,POOL,333,F:\VCTK Dataset\wav48_silence_trimmed\p363\p363_333_mic1.flac
p363,POOL,378,F:\VCTK Dataset\wav48_silence_trimmed\p363\p363_378_mic1.flac
p363,POOL,423,F:\VCTK Dataset\wav48_silence_trimmed\p363\p363_423_mic1.flac
p364,POOL,25,F:\VCTK Dataset\wav48_silence_trimmed\p364\p364_025_mic1.flac
p364,POOL,56,F:\VCTK Dataset\wav48_silence_trimmed\p364\p364_056_mic1.flac
p364,POOL,88,F:\VCTK Dataset\wav48_silence_trimmed\p364\p364_088_mic1.flac
p364,POOL,120,F:\VCTK Dataset\wav48_silence_trimmed\p364\p364_120_mic1.flac
p364,POOL,152,F:\VCTK Dataset\wav48_silence_trimmed\p364\p364_152_mic1.flac
p364,POOL,182,F:\VCTK Dataset\wav48_silence_trimmed\p364\p364_182_mic1.flac
p364,POOL,214,F:\VCTK Dataset\wav48_silence_trimmed\p364\p364_214_mic1.flac
p364,POOL,245,F:\VCTK Dataset\wav48_silence_trimmed\p364\p364_245_mic1.flac
p364,POOL,276,F:\VCTK Dataset\wav48_silence_trimmed\p364\p364_276_mic1.flac
p364,POOL,309,F:\VCTK Dataset\wav48_silence_trimmed\p364\p364_309_mic1.flac
p374,POOL,25,F:\VCTK Dataset\wav48_silence_trimmed\p374\p374_025_mic1.flac
p374,POOL,69,F:\VCTK Dataset\wav48_silence_trimmed\p374\p374_069_mic1.flac
p374,POOL,114,F:\VCTK Dataset\wav48_silence_trimmed\p374\p374_114_mic1.flac
p374,POOL,158,F:\VCTK Dataset\wav48_silence_trimmed\p374\p374_158_mic1.flac
p374,POOL,202,F:\VCTK Dataset\wav48_silence_trimmed\p374\p374_202_mic1.flac
p374,POOL,247,F:\VCTK Dataset\wav48_silence_trimmed\p374\p374_247_mic1.flac
p374,POOL,291,F:\VCTK Dataset\wav48_silence_trimmed\p374\p374_291_mic1.flac
p374,POOL,335,F:\VCTK Dataset\wav48_silence_trimmed\p374\p374_335_mic1.flac
p374,POOL,380,F:\VCTK Dataset\wav48_silence_trimmed\p374\p374_380_mic1.flac
p374,POOL,424,F:\VCTK Dataset\wav48_silence_trimmed\p374\p374_424_mic1.flac
p376,HELD_OUT,25,F:\VCTK Dataset\wav48_silence_trimmed\p376\p376_025_mic1.flac
p376,HELD_OUT,69,F:\VCTK Dataset\wav48_silence_trimmed\p376\p376_069_mic1.flac
p376,HELD_OUT,114,F:\VCTK Dataset\wav48_silence_trimmed\p376\p376_114_mic1.flac
p376,HELD_OUT,158,F:\VCTK Dataset\wav48_silence_trimmed\p376\p376_158_mic1.flac
p376,HELD_OUT,202,F:\VCTK Dataset\wav48_silence_trimmed\p376\p376_202_mic1.flac
p376,HELD_OUT,247,F:\VCTK Dataset\wav48_silence_trimmed\p376\p376_247_mic1.flac
p376,HELD_OUT,291,F:\VCTK Dataset\wav48_silence_trimmed\p376\p376_291_mic1.flac
p376,HELD_OUT,335,F:\VCTK Dataset\wav48_silence_trimmed\p376\p376_335_mic1.flac
p376,HELD_OUT,380,F:\VCTK Dataset\wav48_silence_trimmed\p376\p376_380_mic1.flac
p376,HELD_OUT,424,F:\VCTK Dataset\wav48_silence_trimmed\p376\p376_424_mic1.flac
